"Gregory Sporleder", "Gregory Sporleder"
"William Wyler", "William Wyler", "Wilhelm Weiller"
"Karl Tunberg", "Karl Tunberg"
"Sam Zimbalist", "Sam Zimbalist", "Sam S. Zimbalist"
"Robert Surtees", "Robert Surtees", "Robert Lee Surtees"
"John D. Dunning", "John D. Dunning", "John Dunning"
"Ralph E. Winters", "Ralph E. Winters"
"Edward C. Carfagno", "Edward C. Carfagno", "Edward Carfagno"
"Hugh Hunt", "Hugh Hunt"
"Charles E. Parker", "Charles E. Parker"
"Edward Woehler", "Edward Woehler"
"Charlton Heston", "Charlton Heston"
"Jack Hawkins", "Jack Hawkins"
"Stephen Boyd", "Stephen Boyd"
"Sam Jaffe", "Sam Jaffe"
"Ady Berber", "Ady Berber", "Adi Berber"
"Finlay Currie", "Finlay Currie"
"André Morell", "André Morell"
"Marcos Bernstein", "Marcos Bernstein"
"Arthur Cohn", "Arthur Cohn"
"Walter Carvalho", "Walter Carvalho"
"Felipe Lacerda", "Felipe Lacerda"
"Tobe Hooper", "Tobe Hooper"
"Michael Grais", "Michael Grais"
"Mark Victor", "Mark Victor"
"Vinícius de Oliveira", "Vinícius de Oliveira"
"Othon Bastos", "Othon Bastos"
"Jeff Jarvis", "Jeff Jarvis"
"Tetsurō Tamba", "Tetsurō Tamba", "丹波 哲郎", "Tetsurō Tanba", "丹波哲郎 ", "Tetsuro Tamba", "Tetzuro Tamba", "Tetsurô Tanba ", "Tetsuro Tambo"
"Teru Shimada", "Teru Shimada"
"Charles Gray", "Charles Gray"
"Lewis Gilbert", "Lewis Gilbert"
"Harold Jack Bloom", "Harold Jack Bloom"
"Freddie Young", "Freddie Young"
"Harry Pottle", "Harry Pottle"
"David Ffolkes", "David Ffolkes"
"Oliver Robins", "Oliver Robins"
"Michael McManus", "Michael McManus"
"Martin Casella", "Martin Casella"
"Richard Lawson", "Richard Lawson"
"Park Chan-wook", "Park Chan-wook", "박찬욱", "Chan-wook Park"
"Kim Sang-beom", "Kim Sang-beom", "김상범", "Kim Sang-bum"
"Yoo Ji-tae", "Yoo Ji-tae", "유지태", "Yu Ji-tae"
"Roger Barton", "Roger Barton"
"Jon Voight", "Jon Voight"
"William Lee Scott", "William Lee Scott"
"Greg Zola", "Greg Zola"
"Colm Feore", "Colm Feore", "Com Feore"
"John Fujioka", "John Fujioka"
"Mako", "Mako", "岩松 マコ ", "Mako Iwamatsu", "Mako Wakamatsu"
"Jesse James", "Jesse James"
"Reiley McClendon", "Reiley McClendon"
"Brian Haley", "Brian Haley"
"Hans Ertl", "Hans Ertl"
"Daniel Mainwaring", "Daniel Mainwaring"
"Warren Duff", "Warren Duff"
"Robert Sparks", "Robert Sparks"
"Nicholas Musuraca", "Nicholas Musuraca", "Nick Musuraca", "Nicholas Musaraca", "Nick Musaraca", "Nick", "Nick Muscuraca"
"Samuel E. Beetley", "Samuel E. Beetley"
"Edward Stevenson", "Edward Stevenson", "Edward Manson Stevenson", "Edward M. Stevenson"
"Robert Mitchum", "Robert Mitchum"
"Richard Webb", "Richard Webb"
"Steve Brodie", "Steve Brodie", "Steve Brody", "Steve Broide"
"Paul Valentine", "Paul Valentine"
"Dickie Moore", "Dickie Moore", "John Richard Moore Jr."
"Ken Niles", "Ken Niles"
"George Lazenby", "George Lazenby"
"Telly Savalas", "Telly Savalas", "Telly Aristoteles Savalas", "Telli Savales", "Telly Savales"
"George Baker", "George Baker"
"Stanley Sopel", "Stanley Sopel"
"Michael Reed", "Michael Reed"
"John Glen", "John Glen"
"Ving Rhames", "Ving Rhames"
"Bert Bates", "Bert Bates", "A.E. Bates", "A.S. Bates", "A. Bates"
"John W. Holmes", "John W. Holmes"
"Bill Kenney", "Bill Kenney"
"Jack Maxsted", "Jack Maxsted"
"Donfeld", "Donfeld"
"Jimmy Dean", "Jimmy Dean"
"Bruce Glover", "Bruce Glover"
"Normann Burton", "Normann Burton", "Normann Burton"
"Joseph Furst", "Joseph Furst"
"Fred Hole", "Fred Hole"
"Peter Robb-King", "Peter Robb-King", "Peter Robb King", "Peter-Robb King"
"Terry Ackland-Snow", "Terry Ackland-Snow", "Terence Ackland-Snow"
"Michael Clifford", "Michael Clifford"
"Al Matthews", "Al Matthews"
"Daniel Kash", "Daniel Kash", "Daniel Joshua Kash"
"Tip Tipping", "Tip Tipping"
"George Martin", "George Martin"
"Paul McCartney", "Paul McCartney"
"Raymond Poulton", "Raymond Poulton"
"John Shirley", "John Shirley"
"Stephen Hendrickson", "Stephen Hendrickson", "Stephen J. Hendrickson", "Steve Hendrickson"
"Roger Moore", "Roger Moore", "로저 무어", "Sir Roger Moore", "Сэр Роджер Мур"
"Clifton James", "Clifton James", "Cliff James"
"Geoffrey Holder", "Geoffrey Holder"
"David Hedison", "David Hedison"
"Roy Stewart", "Roy Stewart"
"Hannes Stöhr", "Hannes Stöhr"
"Florian Hoffmeister", "Florian Hoffmeister"
"Jörg Schüttauf", "Jörg Schüttauf"
"Robert Lohr", "Robert Lohr"
"Robin Becker", "Robin Becker"
"Dirk Borchardt", "Dirk Borchardt", "Dirk Borchert", "Dirk Borchard"
"Volker Schlöndorff", "Volker Schlöndorff", "Volker Schlondorff", "Volker Schloendorff"
"Igor Luther", "Igor Luther"
"Mario Adorf", "Mario Adorf"
"David Bennent", "David Bennent"
"Heinz Bennent", "Heinz Bennent"
"Adolf Hitler", "Adolf Hitler", "Adolph Hitler"
"Carl Sagan", "Carl Sagan"
"James V. Hart", "James V. Hart"
"Michael Goldenberg", "Michael Goldenberg"
"Matthew McConaughey", "Matthew McConaughey", "Matthew David McConaughey"
"Theo Angelopoulos", "Theo Angelopoulos", "Θόδωρος Αγγελόπουλος", "Théo Angelopoulos", "Theodoros Angelopoulos"
"Oswald Morris", "Oswald Morris", "Ossie Morris"
"Hervé Villechaize", "Hervé Villechaize"
"Richard Loo", "Richard Loo"
"Soon-Tek Oh", "Soon-Tek Oh"
"Robert Bresson", "Robert Bresson"
"Léonce-Henri Burel", "Léonce-Henri Burel", "Léonce-Henry Burel", "H. Burel", "L.-H. Burel", "L.H. Burel", "L. Burel"
"Raymond Lamy", "Raymond Lamy"
"Pierre Charbonnier", "Pierre Charbonnier"
"Martin LaSalle", "Martin LaSalle", "Martín Lasalle", "Martin Lasalle ", " Martin La Salle "
"Jean Pélégri", "Jean Pélégri"
"Pierre Leymarie", "Pierre Leymarie"
"Robert Prosky", "Robert Prosky"
"Raymond J. Barry", "Raymond J. Barry"
"David Robbins", "David Robbins"
"Richard Hoover", "Richard Hoover", "Richard T. Hoover"
"Ray Aranha", "Ray Aranha"
"John Waters", "John Waters"
"Vincent Peranio", "Vincent Peranio"
"Divine", "Divine"
"Victor Slezak", "Victor Slezak"
"Jim Haynie", "Jim Haynie"
"Marc Hyman", "Marc Hyman"
"Larry Stuckey", "Larry Stuckey"
"Alan Baumgarten", "Alan Baumgarten"
"Jon Poll", "Jon Poll"
"Rusty Smith", "Rusty Smith"
"Shelley Berman", "Shelley Berman"
"Tom Smith", "Tom Smith"
"Danny Lloyd", "Danny Lloyd"
"Barry Nelson", "Barry Nelson"
"Frank Barhydt", "Frank Barhydt"
"Scott Bushnell", "Scott Bushnell"
"David Levy", "David Levy"
"Walt Lloyd", "Walt Lloyd"
"Stephen Altman", "Stephen Altman"
"Jerry Fleming", "Jerry Fleming"
"Fred Ward", "Fred Ward"
"Jarrett Lennon", "Jarrett Lennon"
"Marshall Brickman", "Marshall Brickman", "Marshall Brinkman"
"Mel Bourne", "Mel Bourne"
"Robert Drumheller", "Robert Drumheller"
"Martin Danzig", "Martin Danzig"
"Michael O'Donoghue", "Michael O'Donoghue", "Michael 'Bud' O'Donoghue", "Mr. Mike", "Michael Henry Donohue"
"John Reed", "John Reed"
"Vasili Kovrigin", "Vasili Kovrigin", "Василий Ковригин"
"Boris Livanov", "Boris Livanov", "Борис Ливанов"
"Curd Jürgens", "Curd Jürgens"
"Geoffrey Keen", "Geoffrey Keen", "Geoffrey Keene"
"Michael Billington", "Michael Billington"
"Edward de Souza", "Edward de Souza"
"Christopher Wood", "Christopher Wood"
"William P. Cartlidge", "William P. Cartlidge"
"Marvin Hamlisch", "Marvin Hamlisch"
"Claude Renoir", "Claude Renoir"
"Charles Bishop", "Charles Bishop"
"Max Douy", "Max Douy"
"George Dzundza", "George Dzundza", "George F. Dzundza"
"Denis Arndt", "Denis Arndt", "Dennis Arndt"
"Chelcie Ross", "Chelcie Ross", "Chelcie Claude Ross "
"Benjamin Mouton", "Benjamin Mouton"
"Jack McGee", "Jack McGee"
"Paul Verhoeven", "Paul Verhoeven", "Пол Верховен"
"Tom Pevsner", "Tom Pevsner"
"Bill Conti", "Bill Conti"
"John Grover", "John Grover"
"John Fenner", "John Fenner"
"Vernon Dixon", "Vernon Dixon"
"Chaim Topol", "Chaim Topol", "Topol"
"Michael Gothard", "Michael Gothard"
"John Wyman", "John Wyman"
"Jack Hedley", "Jack Hedley"
"Louis Jourdan", "Louis Jourdan"
"Kabir Bedi", "Kabir Bedi", "कबीर बेदी"
"Robert Brown", "Robert Brown"
"George MacDonald Fraser", "George MacDonald Fraser"
"John G. Blystone", "John G. Blystone", "J. G. Blystone", "J.G. Blystone", "J. Blystone", "Jack Blystone", "John Blystone"
"Clyde Bruckman", "Clyde Bruckman", " Clyde A. Bruckman"
"Jean C. Havez", "Jean C. Havez"
"Joseph A. Mitchell", "Joseph A. Mitchell"
"Joseph M. Schenck", "Joseph M. Schenck", "Joseph Michael Schenck", "Joe Schenck", "Joseph Schenck"
"Gordon Jennings", "Gordon Jennings"
"Elgin Lessley", "Elgin Lessley"
"Joe Roberts", "Joe Roberts"
"Monte Collins", "Monte Collins", "Monty Francis Collins Jr.", "Monty Colins", "Monte F. Collins", "Monty F. Collins", "Monty Collins"
"Joe Keaton", "Joe Keaton"
"Oscar Saul", "Oscar Saul"
"Charles K. Feldman", "Charles K. Feldman"
"Harry Stradling Sr.", "Harry Stradling Sr.", "Henry A. Stradling", "H. Stradling", "Harry Stradling", "Henry Stradling", "Stradling"
"Mickey Kuhn", "Mickey Kuhn"
"Fred T. Gallo", "Fred T. Gallo"
"Justin Scoppa Jr.", "Justin Scoppa Jr."
"Tony Roberts", "Tony Roberts", "Anthony Roberts", "David Anthony Roberts"
"Paul Simon", "Paul Simon"
"Donald Symington", "Donald Symington"
"Mordecai Lawner", "Mordecai Lawner"
"Jonathan Munk", "Jonathan Munk"
"Dick Cavett", "Dick Cavett"
"Theodore Shapiro", "Theodore Shapiro"
"Florian Ballhaus", "Florian Ballhaus", "Florian Balhaus"
"Mark Livolsi", "Mark Livolsi"
"Jess Gonchor", "Jess Gonchor"
"Tom Warren", "Tom Warren", "Thomas C. Warren", "Thomas Warren"
"Rich Sommer", "Rich Sommer"
"Daniel Sunjata", "Daniel Sunjata"
"Walter Shenson", "Walter Shenson"
"David V. Picker", "David V. Picker", "David Picker"
"Ray Simm", "Ray Simm"
"John Lennon", "John Lennon"
"George Harrison", "George Harrison"
"Ringo Starr", "Ringo Starr", "Richard Starkey"
"Wilfrid Brambell", "Wilfrid Brambell"
"Norman Rossington", "Norman Rossington"
"John Junkin", "John Junkin"
"Victor Spinetti", "Victor Spinetti", "Vittorio Giorgio Andre Spinetti"
"Joseph L. Mankiewicz", "Joseph L. Mankiewicz"
"Milton Krasner", "Milton Krasner", "Milton R. Krasner"
"George W. Davis", "George W. Davis", "George Davis"
"Gary Merrill", "Gary Merrill"
"Hugh Marlowe", "Hugh Marlowe"
"Gregory Ratoff", "Gregory Ratoff"
"Peter Davies", "Peter Davies"
"Henry Richardson", "Henry Richardson"
"Jack Stephens", "Jack Stephens"
"Dietrich Lohmann", "Dietrich Lohmann"
"Ulli Lommel", "Ulli Lommel"
"Rudolf Lenz", "Rudolf Lenz"
"Mark Billerman", "Mark Billerman"
"William Cruse", "William Cruse"
"John Frazier", "John Frazier"
"Kurt Luedtke", "Kurt Luedtke"
"David Watkin", "David Watkin"
"Fredric Steinkamp", "Fredric Steinkamp"
"Stephen B. Grimes", "Stephen B. Grimes"
"Herbert Westbrook", "Herbert Westbrook"
"Klaus Maria Brandauer", "Klaus Maria Brandauer"
"Michael Kitchen", "Michael Kitchen"
"Malick Bowens", "Malick Bowens"
"Joseph Thiaka", "Joseph Thiaka"
"Stephen Kinyanjui", "Stephen Kinyanjui"
"Graham Crowden", "Graham Crowden"
"Leslie Phillips", "Leslie Phillips"
"Shane Rimmer", "Shane Rimmer"
"Patrick Macnee", "Patrick Macnee"
"Willoughby Gray", "Willoughby Gray"
"Alec Mills", "Alec Mills"
"Timothy Dalton", "Timothy Dalton"
"Joe Don Baker", "Joe Don Baker"
"Art Malik", "Art Malik"
"Andreas Wisniewski", "Andreas Wisniewski"
"Thomas Wheatley", "Thomas Wheatley"
"Dennis Bosher", "Dennis Bosher"
"Jodie Lynn Tillen", "Jodie Lynn Tillen"
"Wayne Newton", "Wayne Newton", "Carson Wayne Newton"
"Anthony Starke", "Anthony Starke"
"Mike Rich", "Mike Rich"
"Laurence Mark", "Laurence Mark"
"Dany Wolf", "Dany Wolf"
"Harris Savides", "Harris Savides"
"Rob Brown", "Rob Brown"
"Michael Pitt", "Michael Pitt", "Michael Carmen Pitt"
"Glenn Fitzgerald", "Glenn Fitzgerald"
"Alan Cumming", "Alan Cumming", "Alan Cummings"
"Tchéky Karyo", "Tchéky Karyo", "Tcheky Karyo"
"Simon Kunz", "Simon Kunz"
"Martin Campbell", "Martin Campbell"
"Michael France", "Michael France"
"Jeffrey Caine", "Jeffrey Caine"
"Bruce Feirstein", "Bruce Feirstein"
"Anthony Waye", "Anthony Waye"
"Terry Jones", "Terry Jones", "Terence Graham Parry Jones "
"Andrew Ackland-Snow", "Andrew Ackland-Snow"
"Eric Idle", "Eric Idle"
"John Goldstone", "John Goldstone"
"Peter Biziou", "Peter Biziou"
"Julian Doyle", "Julian Doyle"
"Graham Chapman", "Graham Chapman"
"Mike Newell", "Mike Newell"
"Richard Rodney Bennett", "Richard Rodney Bennett"
"Jon Gregory", "Jon Gregory"
"James Fleet", "James Fleet"
"John Hannah", "John Hannah"
"David Bower", "David Bower", "David Karl Bower"
"Rowan Atkinson", "Rowan Atkinson", "Rowan Sebastian Atkinson", "Mr. Bean"
"Kenneth Colley", "Kenneth Colley", "Kenneth Cooley", "Ken Colley"
"Ricky Jay", "Ricky Jay"
"Geoffrey Palmer", "Geoffrey Palmer"
"Julian Fellowes", "Julian Fellowes"
"Terence Rigby", "Terence Rigby"
"Jonathan Lee", "Jonathan Lee"
"Stephen Scott", "Stephen Scott"
"Arnold Kopelson", "Arnold Kopelson"
"Andrzej Bartkowiak", "Andrzej Bartkowiak", "Andrzej Bartowiak"
"Paul Hirsch", "Paul Hirsch"
"Lawrence Turman", "Lawrence Turman"
"Dave Grusin", "Dave Grusin"
"David Calder", "David Calder"
"Michael Apted", "Michael Apted", "Michael David Apted"
"Robert Wade", "Robert Wade"
"Steven Lawrence", "Steven Lawrence", "Steve Lawrence"
"Simon Wakefield", "Simon Wakefield"
"Sam Wood", "Sam Wood", "Сэм Вуд"
"Ben Carré", "Ben Carré"
"Robert J. Schiffer", "Robert J. Schiffer"
"Groucho Marx", "Groucho Marx", "Граучо Маркс"
"Chico Marx", "Chico Marx", "Чико Маркс"
"Harpo Marx", "Harpo Marx", "Харпо Маркс"
"Allan Jones", "Allan Jones"
"James Kevin McGuinness", "James Kevin McGuinness"
"Stephen Norrington", "Stephen Norrington"
"Robert Engelman", "Robert Engelman"
"Wesley Snipes", "Wesley Snipes"
"Theo van de Sande", "Theo van de Sande"
"Paul Rubell", "Paul Rubell"
"Kirk M. Petruccelli", "Kirk M. Petruccelli"
"Barry Chusid", "Barry Chusid"
"Stephen Dorff", "Stephen Dorff"
"Kris Kristofferson", "Kris Kristofferson"
"Donal Logue", "Donal Logue"
"Kevin Patrick Walls", "Kevin Patrick Walls"
"Guillermo del Toro", "Guillermo del Toro"
"Patrick J. Palmer", "Patrick J. Palmer"
"Toby Emmerich", "Toby Emmerich"
"Gabriel Beristain", "Gabriel Beristain"
"Peter Amundson", "Peter Amundson"
"James F. Truesdale", "James F. Truesdale"
"Karel Roden", "Karel Roden", " K. Roden"
"Luke Goss", "Luke Goss"
"Daz Crawford", "Daz Crawford", "Darren Crawford"
"Santiago Segura", "Santiago Segura"
"Kevin Feige", "Kevin Feige"
"Ramin Djawadi", "Ramin Djawadi"
"Conrad Smart", "Conrad Smart"
"Howard E. Smith", "Howard E. Smith", "Howard Edward Smith", "Howard Smith"
"Chris Gorak", "Chris Gorak"
"Eric Fraser", "Eric Fraser"
"Ryan Reynolds", "Ryan Reynolds", "Раян Рейнольдс"
"Dominic Purcell", "Dominic Purcell"
"Paul Anthony", "Paul Anthony"
"Eric Bogosian", "Eric Bogosian"
"Steve Braun", "Steve Braun", "Steven Braun"
"Scott Heindl", "Scott Heindl"
"Patton Oswalt", "Patton Oswalt"
"Ron Selmour", "Ron Selmour"
"Callum McDougall", "Callum McDougall"
"Andrew MacRitchie", "Andrew MacRitchie"
"Alan Tomkins", "Alan Tomkins", "Alan R. Tomkins "
"Toby Stephens", "Toby Stephens"
"Rick Yune", "Rick Yune"
"Will Yun Lee", "Will Yun Lee"
"Nico Hofmann", "Nico Hofmann"
"Stéphane Foenkinos", "Stéphane Foenkinos"
"Lawrence B. Marcus", "Lawrence B. Marcus", "Larry Marcus"
"Edward Small", "Edward Small"
"Simon Abkarian", "Simon Abkarian", "Simone Abkarian"
"Howard Bristol", "Howard Bristol"
"Fred Lau", "Fred Lau"
"Tobias Menzies", "Tobias Menzies"
"Tyrone Power", "Tyrone Power"
"Jürgen Tarrach", "Jürgen Tarrach", "Juergen Tarrach"
"Henry Daniell", "Henry Daniell"
"Torin Thatcher", "Torin Thatcher"
"Irvin Kershner", "Irvin Kershner"
"Lorenzo Semple Jr.", "Lorenzo Semple Jr.", "Lorenzo Semple"
"Michel Legrand", "Michel Legrand", "Michel Jean Legrand"
"Ian Crafford", "Ian Crafford"
"Philip Harrison", "Philip Harrison"
"Bernie Casey", "Bernie Casey"
"Pat Roach", "Pat Roach", "'Bomber' Pat Roach", "Francis Patrick Roach", "'Big' Pat Roach"
"Francis Lawrence", "Francis Lawrence"
"Kevin Brodbin", "Kevin Brodbin"
"Michael Uslan", "Michael Uslan", "Michael E. Uslan"
"Erwin Stoff", "Erwin Stoff"
"Benjamin Melniker", "Benjamin Melniker"
"Lorenzo di Bonaventura", "Lorenzo di Bonaventura"
"Gilbert Adler", "Gilbert Adler"
"Michael Aguilar", "Michael Aguilar"
"Josh McLaglen", "Josh McLaglen"
"Wayne Wahrman", "Wayne Wahrman"
"Shia LaBeouf", "Shia LaBeouf", "Shia LeBouef", "Shia Saide LaBeouf", "Shia La Beouf", "Shea LaBeouf", "Shia LaBuff"
"Max Baker", "Max Baker"
"Gavin Rossdale", "Gavin Rossdale"
"Jesse Ramirez", "Jesse Ramirez"
"José Zúñiga", "José Zúñiga", "Jose Zuniga", "José Zuniga"
"Laz Alonso", "Laz Alonso"
"Chris Columbus", "Chris Columbus"
"Steve Kloves", "Steve Kloves", "Stephen Keith"
"David Heyman", "David Heyman"
"Daniel Radcliffe", "Daniel Radcliffe"
"Harry Melling", "Harry Melling"
"Richard Griffiths", "Richard Griffiths"
"Ian Hart", "Ian Hart"
"Verne Troyer", "Verne Troyer"
"Rupert Grint", "Rupert Grint"
"Chris Rankin", "Chris Rankin"
"Tom Felton", "Tom Felton", "Thomas Andrew Felton"
"David Hayter", "David Hayter", "Sean Barker"
"Joel Simon", "Joel Simon"
"Bill Todman Jr.", "Bill Todman Jr."
"Kevin Stitt", "Kevin Stitt"
"John Myhre", "John Myhre"
"James Edward Ferrell Jr.", "James Edward Ferrell Jr.", "James Edward Ferrell"
"James Marsden", "James Marsden"
"Ray Park", "Ray Park", "Raymond Park "
"Zak Penn", "Zak Penn"
"Michael Dougherty", "Michael Dougherty"
"Dan Harris", "Dan Harris"
"Ross Fanger", "Ross Fanger"
"Aaron Stanford", "Aaron Stanford"
"Shawn Ashmore", "Shawn Ashmore", "Шон Эшмор"
"George Coulouris", "George Coulouris"
"Philip Van Zandt", "Philip Van Zandt"
"Paul Stewart", "Paul Stewart"
"George Schaefer", "George Schaefer"
"Van Nest Polglase", "Van Nest Polglase", "Van Nest Poglase"
"Lukas Moodysson", "Lukas Moodysson"
"Shanti Roney", "Shanti Roney"
"Ola Rapace", "Ola Rapace"
"Olle Sarri", "Olle Sarri"
"Henrik Lundström", "Henrik Lundström"
"David Rayfiel", "David Rayfiel"
"Robert Towne", "Robert Towne"
"Lyle Lovett", "Lyle Lovett", "Lyle Pearce Lovett "
"John Grisham", "John Grisham"
"Richard Macdonald", "Richard Macdonald", "Richard McDonald"
"David Strathairn", "David Strathairn"
"Wilford Brimley", "Wilford Brimley"
"Hal Holbrook", "Hal Holbrook"
"Terry Kinney", "Terry Kinney"
"Peter Lichtefeld", "Peter Lichtefeld"
"David Hyde Pierce", "David Hyde Pierce"
"Jim Cash", "Jim Cash"
"Jack Epps Jr.", "Jack Epps Jr."
"Robert R. Benton", "Robert R. Benton", "Robert Benton"
"Anthony Edwards", "Anthony Edwards"
"Michael Ironside", "Michael Ironside"
"Barry Tubb", "Barry Tubb", "Barry York Tubb "
"Whip Hubley", "Whip Hubley", "Grant Hubley", "Grant 'Whip' Hubley"
"Edgar Wright", "Edgar Wright"
"Brett Ratner", "Brett Ratner"
"Simon Kinberg", "Simon Kinberg"
"James M. Freitag", "James M. Freitag", " James F. Freitag ", "James Freitag ", "Jamie Freitag"
"John Powell", "John Powell"
"Dante Spinotti", "Dante Spinotti"
"Lisa Tomczeszyn", "Lisa Tomczeszyn"
"Ben Foster", "Ben Foster"
"Simon Pegg", "Simon Pegg", "Саймон Пегг", "Саймон Джон Бэкингем"
"Nick Frost", "Nick Frost"
"David M. Dunlap", "David M. Dunlap"
"Peter Serafinowicz", "Peter Serafinowicz"
"George Pollock", "George Pollock"
"David Pursall", "David Pursall"
"George H. Brown", "George H. Brown"
"Geoffrey Faithfull", "Geoffrey Faithfull"
"James Robertson Justice", "James Robertson Justice", "James Robertson-Justice", "James Robertson", "James R. Justice", "Seamus Mor Na Feasag"
"Thorley Walters", "Thorley Walters"
"Charles Tingwell", "Charles Tingwell", "Charles Bud Tingwell"
"Conrad Phillips", "Conrad Phillips"
"Ronald Howard", "Ronald Howard"
"Stringer Davis", "Stringer Davis"
"Ronnie Raymond", "Ronnie Raymond"
"Gerald Cross", "Gerald Cross"
"Michael Golden", "Michael Golden"
"Fred Draper", "Fred Draper", "Paul Draper"
"Gene Darfler", "Gene Darfler"
"John Cassavetes", "John Cassavetes", "John Nicholas Cassavetes"
"Nick Cassavetes", "Nick Cassavetes"
"James Denton", "James Denton"
"Matt Ross", "Matt Ross", "Matthew Ross", "Matthew Brandon Ross"
"Thomas Jane", "Thomas Jane"
"Myles Jeffrey", "Myles Jeffrey"
"Cheech Marin", "Cheech Marin"
"Danny Trejo", "Danny Trejo", "Denni Trekho", "Dan Trejo", "Daniel Trejo"
"Tom Savini", "Tom Savini"
"John Saxon", "John Saxon"
"William Ross", "William Ross"
"Charles Coburn", "Charles Coburn"
"Tommy Noonan", "Tommy Noonan"
"George Winslow", "George Winslow"
"Taylor Holmes", "Taylor Holmes"
"Sean Biggerstaff", "Sean Biggerstaff"
"David Bradley", "David Bradley"
"Kenneth Branagh", "Kenneth Branagh"
"Warwick Davis", "Warwick Davis", "Warwick Davies", "Warwick Ashley Davis"
"Louis de Funès", "Louis de Funès", "Louis de Funes", "Louis Germain David de Funès de Galarza", "L. de Funès"
"Renzo Montagnani", "Renzo Montagnani"
"Xavier Gélin", "Xavier Gélin"
"Henri Guybet", "Henri Guybet"
"Gérard Oury", "Gérard Oury", "Max-Gérard Houry Tannenbaum"
"Albert Jurgenson", "Albert Jurgenson"
"Claude Zidi", "Claude Zidi"
"Christian Fechner", "Christian Fechner"
"Pierre Grunstein", "Pierre Grunstein"
"David Thewlis", "David Thewlis"
"Josh Herdman", "Josh Herdman"
"Coluche", "Coluche", "Michel Colucci"
"Julien Guiomar", "Julien Guiomar"
"Alfonso Cuarón", "Alfonso Cuarón"
"Georges Chamarat", "Georges Chamarat", "George Chamarat"
"Raymond Bussières", "Raymond Bussières"
"Mark Radcliffe", "Mark Radcliffe"
"Vittorio Caprioli", "Vittorio Caprioli"
"Alan Gilmore", "Alan Gilmore"
"Gary Tomkins", "Gary Tomkins"
"Michal Leszczylowski", "Michal Leszczylowski"
"Claes Olsson", "Claes Olsson"
"Johannes Herrschmann", "Johannes Herrschmann"
"Hilmi Sözer", "Hilmi Sözer"
"Oliver Marlo", "Oliver Marlo"
"Peter Franke", "Peter Franke"
"James McTeigue", "James McTeigue"
"Peter Walpole", "Peter Walpole"
"Sebastian T. Krawinkel", "Sebastian T. Krawinkel"
"Stephen Fry", "Stephen Fry"
"Tim Pigott-Smith", "Tim Pigott-Smith", "Tim Piggot-Smith", "Tim Pigot-Smith", "Tim Piggott Smith"
"Rupert Graves", "Rupert Graves"
"Roger Allam", "Roger Allam"
"Ben Miles", "Ben Miles"
"John Standing", "John Standing"
"Clive Ashborn", "Clive Ashborn"
"Robert Pattinson", "Robert Pattinson"
"Mark Forstater", "Mark Forstater"
"Stanislav Yanevski", "Stanislav Yanevski", "Stan"
"Terry Bedford", "Terry Bedford"
"Edward S. Feldman", "Edward S. Feldman"
"Adam Schroeder", "Adam Schroeder"
"Noah Emmerich", "Noah Emmerich", "Noah Nicholas Emmerich"
"Stephen Sinclair", "Stephen Sinclair"
"Peter Dasent", "Peter Dasent"
"Ian Watkin", "Ian Watkin"
"Stephen Papps", "Stephen Papps"
"Murray Keane", "Murray Keane"
"David Yates", "David Yates"
"Nicholas Hooper", "Nicholas Hooper"
"Mark Day", "Mark Day"
"James Boyle", "James Boyle"
"James Mather", "James Mather"
"Jason Isaacs", "Jason Isaacs"
"Bruce Campbell", "Bruce Campbell", "Pete Perkinson", "R.O.C. Sandstorm"
"Mark Feuerstein", "Mark Feuerstein"
"Lorenzo Lamas", "Lorenzo Lamas"
"Herb Nanas", "Herb Nanas"
"Elton John", "Elton John", "Reginald Kenneth Dwight", " Elton Hercules John"
"Thomas E. Ackerman", "Thomas E. Ackerman"
"Peter Teschner", "Peter Teschner"
"Marc Dabe", "Marc Dabe"
"Mark Peploe", "Mark Peploe"
"Ryuichi Sakamoto", "Ryuichi Sakamoto", "Ryûichi Sakamoto"
"Ivan Sharrock", "Ivan Sharrock"
"James Acheson", "James Acheson"
"Bruno Cesari", "Bruno Cesari"
"John Lone", "John Lone"
"Peter O'Toole", "Peter O'Toole", "Питер О’Тул"
"Dennis Dun", "Dennis Dun"
"Ruocheng Ying", "Ruocheng Ying"
"Victor Wong", "Victor Wong"
"Ric Young", "Ric Young"
"Cary-Hiroyuki Tagawa", "Cary-Hiroyuki Tagawa"
"Aisin-Gioro Puyi", "Aisin-Gioro Puyi", "溥儀", "溥仪", "宣統", "宣统", "Henry Puyi", "Aisin-Gioro Puyi", "Puyi", "Pu yi", "愛新覺羅 溥儀", "爱新觉罗 溥仪", "ᠠᡳᠰᡳᠨ ᡤᡳᠣᡵᠣ ᡦᡠ ᡳ", "Aixin-Jueluo Puyi", "ᡦᡠ ᡳ"
"John Woo", "John Woo"
"Mike Werb", "Mike Werb"
"Michael Colleary", "Michael Colleary"
"David Permut", "David Permut"
"Jeff Levine", "Jeff Levine"
"Oliver Wood", "Oliver Wood"
"Steven Kemper", "Steven Kemper"
"Neil Spisak", "Neil Spisak"
"Steve Arnold", "Steve Arnold"
"Garrett Lewis", "Garrett Lewis"
"Maurice McEndree", "Maurice McEndree"
"Al Ruban", "Al Ruban"
"Robert Kurtzman", "Robert Kurtzman"
"Gianni Nunnari", "Gianni Nunnari"
"Mayne Berke", "Mayne Berke", " Mayne Schuyler Berke"
"Felipe Fernández del Paso", "Felipe Fernández del Paso"
"Ben Sharpsteen", "Ben Sharpsteen", "Benjamin Sharpsteen"
"William Roberts", "William Roberts", "William Opal Roberts", "Bill Roberts"
"Paul Satterfield", "Paul Satterfield"
"Hamilton Luske", "Hamilton Luske"
"Ford Beebe", "Ford Beebe"
"Wilfred Jackson", "Wilfred Jackson"
"Joseph Fields", "Joseph Fields"
"Sol C. Siegel", "Sol C. Siegel"
"Harry J. Wild", "Harry J. Wild", "Harry Wild", "Harry Wilde"
"Hugh S. Fowler", "Hugh S. Fowler", "Hugh Fowler"
"Claude E. Carpenter", "Claude E. Carpenter"
"Travilla", "Travilla", "William Jack Travilla", "Bill", "William Travilla"
"Albert Hughes", "Albert Hughes"
"Allen Hughes", "Allen Hughes"
"Alan Moore", "Alan Moore"
"Eddie Campbell", "Eddie Campbell"
"Terry Hayes", "Terry Hayes"
"Rafael Yglesias", "Rafael Yglesias"
"George Bowers", "George Bowers"
"Dan Lebental", "Dan Lebental"
"Martin Childs", "Martin Childs"
"Tim Philo", "Tim Philo"
"Tom Sullivan", "Tom Sullivan"
"Irwin Winkler", "Irwin Winkler"
"Bruce S. Pustin", "Bruce S. Pustin"
"Maher Ahmad", "Maher Ahmad"
"Richard Bruno", "Richard Bruno", "Richard Brunno", "Dick Bruno", "Richard S. Bruno"
"Ray Liotta", "Ray Liotta"
"Frank Sivero", "Frank Sivero"
"Frank DiLeo", "Frank DiLeo"
"Tony Darrow", "Tony Darrow"
"Michael Imperioli", "Michael Imperioli", "James Michael Imperioli", "Michael Imperiola"
"William Cameron Menzies", "William Cameron Menzies", "Wiliam C. Menzies", "William C. Menzies", "William Menzies", "Wm. Cameron Menzies"
"Walter Plunkett", "Walter Plunkett"
"Clark Gable", "Clark Gable", "William Clark Gable", "The King of Hollywood"
"George Reeves", "George Reeves"
"Harry Davenport", "Harry Davenport", "H. Davenport"
"John Hughes", "John Hughes", "Edmond Dantès", "Edmond Dantes", "John Wilden Hughes Jr."
"Julio Macat", "Julio Macat"
"John Muto", "John Muto"
"Dan Webster", "Dan Webster"
"Macaulay Culkin", "Macaulay Culkin"
"Daniel Stern", "Daniel Stern"
"John Heard", "John Heard"
"Devin Ratray", "Devin Ratray"
"Gerry Bamman", "Gerry Bamman"
"Larry Hankin", "Larry Hankin", "Larry A. Hankin", "Lance Hunt"
"Jean Renoir", "Jean Renoir"
"Carl Koch", "Carl Koch"
"Jean Bachelet", "Jean Bachelet"
"Julien Carette", "Julien Carette"
"Roland Toutain", "Roland Toutain"
"Gaston Modot", "Gaston Modot"
"Pierre Fresnay", "Pierre Fresnay", "Пьер Френе"
"Sylvain Itkine", "Sylvain Itkine"
"Albert Pinkovitch", "Albert Pinkovitch"
"Frank Rollmer", "Frank Rollmer"
"Joseph Kosma", "Joseph Kosma"
"Christian Matras", "Christian Matras"
"Eugène Lourié", "Eugène Lourié"
"Joseph de Bretagne", "Joseph de Bretagne"
"Carl Theodor Dreyer", "Carl Theodor Dreyer", "Carl Th. Dreyer"
"Sheridan Le Fanu", "Sheridan Le Fanu"
"Paul Falkenberg", "Paul Falkenberg"
"Julian West", "Julian West", "Baron Nicholas De Gunzberg", "Baron Nicolas de Gunzburg", "Nicolas de Gunzburg", "Nicholas De Gunzberg"
"Maurice Schutz", "Maurice Schutz", "Paul Maurice Schutzenberger"
"Eugene Silvain", "Eugene Silvain"
"Rudolph Maté", "Rudolph Maté", "Rudolphe Mate"
"Louis Ravet", "Louis Ravet"
"Alexandre Mihalesco", "Alexandre Mihalesco", "Alessandro Mihalesco ", "Alexandru Mihailescu "
"Uli Hanisch", "Uli Hanisch"
"Josef Bierbichler", "Josef Bierbichler"
"M. Night Shyamalan", "M. Night Shyamalan"
"Larry Fulton", "Larry Fulton"
"Bruce Norris", "Bruce Norris"
"Joseph Delteil", "Joseph Delteil"
"H.G. Wells", "H.G. Wells", "Herbert George Wells"
"Gore Vidal", "Gore Vidal", "Eugene Luther Gore Vidal"
"Loren Dean", "Loren Dean"
"Bertolt Brecht", "Bertolt Brecht"
"Hanns Eisler", "Hanns Eisler", "Hans Eisler"
"Scott Spiegel", "Scott Spiegel"
"Cameron Crowe", "Cameron Crowe", "Cameron Crowe", "卡梅伦·克罗"
"Marcus D'Arcy", "Marcus D'Arcy"
"Doug Mitchell", "Doug Mitchell"
"Marty P. Ewing", "Marty P. Ewing"
"Saar Klein", "Saar Klein"
"David Bowe", "David Bowe"
"Jason Lee", "Jason Lee"
"Patrick Fugit", "Patrick Fugit", "Patrick Raymond Fugit"
"Michael Angarano", "Michael Angarano"
"John Fedevich", "John Fedevich"
"Jimmy Fallon", "Jimmy Fallon"
"J.J. Cohen", "J.J. Cohen"
"Mark Pellington", "Mark Pellington"
"Terry Chen", "Terry Chen"
"Rainn Wilson", "Rainn Wilson"
"Andrei Chalimon", "Andrei Chalimon"
"Zdeněk Svěrák", "Zdeněk Svěrák", "Zdenek Sverák"
"Ondřej Vetchý", "Ondřej Vetchý", "Ondrej Vetchy"
"Doug Liman", "Doug Liman"
"Lucas Foster", "Lucas Foster"
"Patrick Wachsberger", "Patrick Wachsberger"
"Erik Feig", "Erik Feig"
"Bojan Bazelli", "Bojan Bazelli"
"Adam Brody", "Adam Brody", "Adam Jared Brody "
"Matthew Rushton", "Matthew Rushton"
"W. Steven Graham", "W. Steven Graham"
"Matthew Lawrence", "Matthew Lawrence"
"Scott Capurro", "Scott Capurro", "Scott Allan Capurro", "Scott A. Capurro"
"Jiří Menzel", "Jiří Menzel", "Jirí Menzel", "Jiri Menzel"
"Jaromír Šofr", "Jaromír Šofr", "Jaromír Sofr"
"Oldřich Bosák", "Oldřich Bosák", "Oldrich Bosák", "Oldrich Bosak"
"Josef Somr", "Josef Somr", "J. Somr"
"Vlastimil Brodský", "Vlastimil Brodský"
"Richard Domeier", "Richard Domeier"
"Sonny Baskin", "Sonny Baskin"
"Anthony Tremblay", "Anthony Tremblay"
"Marcus Gilbert", "Marcus Gilbert"
"Ian Abercrombie", "Ian Abercrombie"
"Richard Grove", "Richard Grove"
"Michael Earl Reid", "Michael Earl Reid"
"Ted Raimi", "Ted Raimi", "Bill Fergeson", "Theodore Raimi"
"John Carpenter", "John Carpenter"
"Barry Bernardi", "Barry Bernardi"
"Charles B. Bloch", "Charles B. Bloch"
"Charles Bornstein", "Charles Bornstein"
"Tommy Lee Wallace", "Tommy Lee Wallace", "Tommy Wallace", "Tom Wallace"
"Craig Stearns", "Craig Stearns"
"Stephen Loomis", "Stephen Loomis"
"Tom Atkins", "Tom Atkins"
"Charles Cyphers", "Charles Cyphers"
"Richard A. Roth", "Richard A. Roth", "Richard Roth "
"George Dickerson", "George Dickerson"
"Gary M. Zuckerbrod", "Gary M. Zuckerbrod"
"Charles Collum", "Charles Collum"
"Peter Greene", "Peter Greene"
"Duane Whitaker", "Duane Whitaker"
"Frank Whaley", "Frank Whaley"
"Rupert Wainwright", "Rupert Wainwright"
"Derek Dauchy", "Derek Dauchy"
"David Foster", "David Foster"
"Todd Garner", "Todd Garner"
"Dan Kolsrud", "Dan Kolsrud"
"Shane Riches", "Shane Riches"
"Nathan Hope", "Nathan Hope"
"Michael Diner", "Michael Diner"
"Tom Welling", "Tom Welling"
"DeRay Davis", "DeRay Davis"
"Adrian Hough", "Adrian Hough"
"Cole Heppell", "Cole Heppell"
"Jonathon Young", "Jonathon Young"
"R. Nelson Brown", "R. Nelson Brown"
"David Seltzer", "David Seltzer"
"Stuart Freeborn", "Stuart Freeborn"
"Patrick Troughton", "Patrick Troughton"
"Robert Rietti", "Robert Rietti"
"John Briley", "John Briley"
"Ronnie Taylor", "Ronnie Taylor", "Ronald Taylor", "Ron Taylor"
"Billy Williams", "Billy Williams"
"Om Puri", "Om Puri", "ओम पुरी", "ওম পুরী"
"Saeed Jaffrey", "Saeed Jaffrey"
"Ian Charleson", "Ian Charleson"
"Daniel Day-Lewis", "Daniel Day-Lewis"
"John Gielgud", "John Gielgud", "Arthur John Gielgud", "Sir John Gielgud"
"John Mills", "John Mills", "Lewis Ernest Watts Mills", "Johnny Mills"
"Athol Fugard", "Athol Fugard"
"Dalip Tahil", "Dalip Tahil", "दिलीप ताहिल"
"Michael Stanley-Evans", "Michael Stanley-Evans"
"Ryan Phillippe", "Ryan Phillippe"
"Joshua Jackson", "Joshua Jackson"
"Eric Mabius", "Eric Mabius"
"Sean Patrick Thomas", "Sean Patrick Thomas"
"Roger Kumble", "Roger Kumble"
"Neal H. Moritz", "Neal H. Moritz", "Neal Moritz"
"Jeff Freeman", "Jeff Freeman"
"Jon Gary Steele", "Jon Gary Steele"
"Warren McLean", "Warren McLean"
"Bob Morones", "Bob Morones"
"John C. McGinley", "John C. McGinley", "John McGinley"
"Francesco Quinn", "Francesco Quinn"
"Reggie Johnson", "Reggie Johnson"
"Mark Moses", "Mark Moses"
"J. Adam Glover", "J. Adam Glover", "John Adam Glover"
"Corey Glover", "Corey Glover"
"James Terry McIlvain", "James Terry McIlvain", "Terry McIlvain"
"Alan Glazer", "Alan Glazer"
"Dennis Franz", "Dennis Franz"
"Lars Johan Werle", "Lars Johan Werle"
"Sven Nykvist", "Sven Nykvist"
"Nigel Gibbs", "Nigel Gibbs", "Nigel D.Gibbs"
"Erich Kästner", "Erich Kästner", "Erich Kastner", "Erich Emil Kästner", "Erich Kaestner"
"Franz Weihmayr", "Franz Weihmayr", "Franciszek Ksawery Weihmayr"
"Paul Klinger", "Paul Klinger"
"Carl Möhner", "Carl Möhner", "Carl Martin Rudolf Möhner", "Carl Moehner", "Carl Mohner", "Karl Mohner", "Karl Möhner"
"Christoph Holch", "Christoph Holch"
"Max Felder", "Max Felder"
"August Zirner", "August Zirner"
"Benno Fürmann", "Benno Fürmann"
"Michael Hanemann", "Michael Hanemann"
"Helmfried von Lüttichau", "Helmfried von Lüttichau"
"Mitch Markowitz", "Mitch Markowitz"
"Larry Brezner", "Larry Brezner"
"Peter Sova", "Peter Sova"
"Luis Alcoriza", "Luis Alcoriza"
"Sergio Kogan", "Sergio Kogan"
"Gabriel Figueroa", "Gabriel Figueroa", "Gabriel Figueroa Mateos", "G. Figueroa", "Gabriel Figuroa", "Gabriel Figueroa M."
"Alfonso Mejía", "Alfonso Mejía"
"Miguel Inclán", "Miguel Inclán", "Miguel Inclán Delgado", "Miguel Inclan"
"Roberto Cobo", "Roberto Cobo", "Calambres"
"Jesús García ", "Jesús García ", "Jesus García Navarro", "Jesus G. Navarro"
"Alain Resnais", "Alain Resnais"
"Michel Bouquet", "Michel Bouquet"
"Reinhard Heydrich", "Reinhard Heydrich"
"Heinrich Himmler", "Heinrich Himmler"
"Julius Streicher", "Julius Streicher"
"Dalton Trumbo", "Dalton Trumbo", "Robert Cole", "Jack Davis", "Robert Rich", "Ben L. Perry"
"Ian McLellan Hunter", "Ian McLellan Hunter"
"John Dighton", "John Dighton"
"Robert Wyler", "Robert Wyler"
"Robert Swink", "Robert Swink"
"Eddie Albert", "Eddie Albert", "Edward Albert Heimberger", "Eddie Albert Sr.", "Eddie Albert Heimberger"
"Hartley Power", "Hartley Power"
"Harcourt Williams", "Harcourt Williams"
"Tullio Carminati", "Tullio Carminati"
"Claudio Ermelli", "Claudio Ermelli"
"Alfredo Rizzo", "Alfredo Rizzo", "Alfred Rice", "Fred Ritz"
"Anthony Harvey", "Anthony Harvey"
"William Castle", "William Castle", "William Schloss", "Billy Castle", "Bill Castle", "William C. Castle"
"Sam O'Steen", "Sam O'Steen"
"Bob Wyman", "Bob Wyman"
"Richard Sylbert", "Richard Sylbert"
"Joel Schiller", "Joel Schiller"
"Robert Nelson", "Robert Nelson"
"Sidney Blackmer", "Sidney Blackmer", "Sydney Blackmer"
"Maurice Evans", "Maurice Evans"
"John Moore", "John Moore"
"Glenn Williamson", "Glenn Williamson"
"Jonathan Sela", "Jonathan Sela"
"Patrick Lumb", "Patrick Lumb"
"Martin Kurel", "Martin Kurel"
"George L. Little", "George L. Little"
"Seamus Davey-Fitzpatrick", "Seamus Davey-Fitzpatrick", "Seamus Fitzpatrick", "Seamus Liam Davey-Fitzpatrick", "Seamus Davey Fitzpatrick"
"Predrag Bjelac", "Predrag Bjelac", "Pedja Bjelac", "Predrag Bjelac"
"Andrew Kevin Walker", "Andrew Kevin Walker"
"Gary Wissner", "Gary Wissner"
"Daniel Zacapa", "Daniel Zacapa"
"John Cassini", "John Cassini"
"Hawthorne James", "Hawthorne James", "James H. Hawthorne", "James Hawthorne", "James Herbert", "Hawthorn James"
"Roger S.H. Schulman", "Roger S.H. Schulman"
"Jeffrey Katzenberg", "Jeffrey Katzenberg"
"James Hegedus", "James Hegedus"
"Mike Myers", "Mike Myers"
"John Lithgow", "John Lithgow", "莊李富高"
"Peter Dennis", "Peter Dennis", " Peter John Dennis "
"Clive Pearse", "Clive Pearse"
"Jim Cummings", "Jim Cummings", "James Jonah Cummings", "Jim Jonah Cumkings", "Jim Cumming", "J. Jonah Cummings", "James J. Cummings", "James Cummings", "Jim J. Cummings", "Jim Jonah Cummings", "Jimmy Cummings", "Grey Griffin"
"Bobby Block", "Bobby Block"
"Kelly Asbury", "Kelly Asbury"
"Conrad Vernon", "Conrad Vernon"
"William Steig", "William Steig"
"Joe Stillman", "Joe Stillman"
"David N. Weiss", "David N. Weiss"
"David Lipman", "David Lipman"
"Tony Leblanc", "Tony Leblanc"
"Steve Pilcher", "Steve Pilcher"
"Cody Cameron", "Cody Cameron"
"Christopher Knights", "Christopher Knights"
"Chris Miller", "Chris Miller"
"Jeffrey Price", "Jeffrey Price"
"Peter S. Seaman", "Peter S. Seaman"
"John H. Williams", "John H. Williams"
"Justin Timberlake", "Justin Timberlake"
"Douglas Trumbull", "Douglas Trumbull"
"Michael Cimino", "Michael Cimino"
"Steven Bochco", "Steven Bochco"
"Michael Gruskoff", "Michael Gruskoff"
"Charles F. Wheeler", "Charles F. Wheeler", "Charles Wheeler"
"Frank Lombardo", "Frank Lombardo", "Frank Lombardo Sr.", "Francisco Lombardo", "Francisco Lombardo V", "Francis Lombardo", "Frank Lombaro"
"Cliff Potts", "Cliff Potts"
"Ron Rifkin", "Ron Rifkin"
"Jesse Vint", "Jesse Vint"
"Steven Brown", "Steven Brown"
"Mark Persons", "Mark Persons"
"Jim Marrs", "Jim Marrs"
"Derek R. Hill", "Derek R. Hill", "Derek Hill"
"Michael Rooker", "Michael Rooker"
"Ernest Gold", "Ernest Gold", "Ernst Gold"
"Frederic Knudtson", "Frederic Knudtson", "Fred Knudtson", "Fred Kundtson"
"Jean Louis", "Jean Louis", "Louis Andre Berthault "
"Spencer Tracy", "Spencer Tracy", "Спенсер Трэйси"
"Richard Widmark", "Richard Widmark"
"Maximilian Schell", "Maximilian Schell"
"Montgomery Clift", "Montgomery Clift"
"Werner Klemperer", "Werner Klemperer"
"Torben Meyer", "Torben Meyer"
"Martin Brandt", "Martin Brandt"
"Kenneth MacKenna", "Kenneth MacKenna"
"Alan Baxter", "Alan Baxter"
"John Wengraf", "John Wengraf"
"Karl Swenson", "Karl Swenson"
"Howard Caine", "Howard Caine"
"Satyajit Ray", "Satyajit Ray", "Manik"
"Ustad Vilayat Khan", "Ustad Vilayat Khan", "Vilayat Hussain Khan", "Khan Saheb Vilayat Khan", "Ustad Vilayat H. Khan", "Ustaad Vilayat Khan"
"Subrata Mitra", "Subrata Mitra"
"Dulal Dutta", "Dulal Dutta"
"Chhabi Biswas", "Chhabi Biswas"
"Gangapada Basu", "Gangapada Basu", "Gangapada Bose"
"Pinaki Sengupta", "Pinaki Sengupta"
"Mamoru Oshii", "Mamoru Oshii"
"Shigeru Watanabe", "Shigeru Watanabe"
"Hiromasa Ogura", "Hiromasa Ogura", "Hiroaki Ogura", "小倉 宏昌"
"Tamio Ohki", "Tamio Ohki", "Tamio Ooki", "大木 民夫", "Tamio Ouki", "Tamio Ōki", "Tamio Ôki", "大木 多美男"
"Yoshisada Sakaguchi", "Yoshisada Sakaguchi", "坂口 芳貞"
"Angus Strathie", "Angus Strathie"
"Richard Roxburgh", "Richard Roxburgh"
"Ozzy Osbourne", "Ozzy Osbourne"
"Jacek Koman", "Jacek Koman"
"Matthew Whittet", "Matthew Whittet"
"Christian Mills", "Christian Mills"
"Jay Mohr", "Jay Mohr"
"Tim Halligan", "Tim Halligan", " Timothy Halligan ", "Tim Hallign"
"Jon Stewart", "Jon Stewart"
"John Patrick White", "John Patrick White"
"David Ferguson", "David Ferguson"
"Joel McCrary", "Joel McCrary"
"Alec Mapa", "Alec Mapa"
"Michael B. Silver", "Michael B. Silver", "Michael Buchman", "Mike Silver", "Michael Silver", "Michael Buckman Silver", "Michael Buchman Silver "
"Willard Carroll", "Willard Carroll"
"Thomas L. Wilhite", "Thomas L. Wilhite", "Tom Wilhite"
"Kurt Albrecht", "Kurt Albrecht"
"Guy East", "Guy East"
"Paul Feldsher", "Paul Feldsher"
"Nigel Sinclair", "Nigel Sinclair"
"Vilmos Zsigmond", "Vilmos Zsigmond", "William Zsigmond", "William Zsigmund"
"David Lean", "David Lean"
"Pierre Boulle", "Pierre Boulle"
"Malcolm Arnold", "Malcolm Arnold"
"Jack Hildyard", "Jack Hildyard", "J. Hildyard"
"Donald M. Ashton", "Donald M. Ashton"
"John Cox", "John Cox"
"Alec Guinness", "Alec Guinness", "Alec Guinness de Cuffe", "Sir Alec Guinness"
"Sessue Hayakawa", "Sessue Hayakawa"
"James Donald", "James Donald"
"Geoffrey Horne", "Geoffrey Horne"
"Peter Williams", "Peter Williams"
"Peter Giuliano", "Peter Giuliano"
"Gerrit van der Meer", "Gerrit van der Meer"
"Tim Galvin", "Tim Galvin"
"Ron Eldard", "Ron Eldard", "Ronald Jason Eldard "
"Jason Patric", "Jason Patric"
"Georges Van Parys", "Georges Van Parys", "Van Parys", "G. Van Parys", "Van-Parys", "Georges van Parys"
"Geoffrey Wigdor", "Geoffrey Wigdor"
"Paul Meurisse", "Paul Meurisse"
"Jean Brochard", "Jean Brochard"
"Pierre Larquey", "Pierre Larquey"
"Michel Serrault", "Michel Serrault", "Michel Lucien Serrault"
"Georges Poujouly", "Georges Poujouly"
"Jacques Varennes", "Jacques Varennes"
"Edmund H. North", "Edmund H. North"
"Julian Blaustein", "Julian Blaustein"
"Leo Tover", "Leo Tover"
"Addison Hehr", "Addison Hehr"
"Robert Evans", "Robert Evans"
"Perry Lopez", "Perry Lopez"
"John Hillerman", "John Hillerman"
"Darrell Zwerling", "Darrell Zwerling"
"Roy Jenson", "Roy Jenson", "Roy C. Jensen", "Roy Jensen", "Roy Cameron Jenson"
"Richard Bakalyan", "Richard Bakalyan", "Dick Bakalyan", "Richard Bakalyn ", "Richard Bakalynn "
"Fred M. Wilcox", "Fred M. Wilcox"
"Irving Block", "Irving Block", "I.A. Block"
"Cyril Hume", "Cyril Hume"
"Nicholas Nayfack", "Nicholas Nayfack"
"George J. Folsey", "George J. Folsey", "George Folsey"
"Walter Pidgeon", "Walter Pidgeon"
"Warren Stevens", "Warren Stevens"
"Jack Kelly", "Jack Kelly"
"Richard Anderson", "Richard Anderson", "Dick Anderson", "Richard Norman Anderson"
"Earl Holliman", "Earl Holliman", "Henry Earl Holliman"
"Robert Dix", "Robert Dix"
"Jimmy Thompson", "Jimmy Thompson"
"Karl Vollbrecht", "Karl Vollbrecht"
"Ellen Widmann", "Ellen Widmann"
"Otto Wernicke", "Otto Wernicke"
"Gustaf Gründgens", "Gustaf Gründgens"
"Joseph M. Newman", "Joseph M. Newman"
"Vittorio De Sica", "Vittorio De Sica"
"Alessandro Cicognini", "Alessandro Cicognini", "A. Cicognini", "M° Alessandro Cicognini", "Cicognini"
"Memmo Carotenuto", "Memmo Carotenuto"
"Franklin Coen", "Franklin Coen"
"Richard H. Riedel", "Richard H. Riedel"
"Russell A. Gausman", "Russell A. Gausman", "R.A. Gauman", "R.A. Gausman", "Russell Gausman", "R.A. Gusman", "R.A.Gausman"
"Jeff Morrow", "Jeff Morrow"
"Rex Reason", "Rex Reason"
"Lance Fuller", "Lance Fuller"
"Russell Johnson", "Russell Johnson"
"Robert Nichols", "Robert Nichols"
"Brian Steele", "Brian Steele", "Bradley Allan"
"Walter Reisch", "Walter Reisch"
"Scott McElroy", "Scott McElroy"
"John Mann", "John Mann"
"Erich Kettelhut", "Erich Kettelhut"
"Richard Cetrone", "Richard Cetrone", "Rich Cetrone", "Rick Cetrone", "Richard Cietrone"
"Paul Hartmann", "Paul Hartmann", "Paul Wilhelm Constantin Hartmann", "Paul Hartman"
"David Coatsworth", "David Coatsworth"
"Paul Westermeier", "Paul Westermeier"
"Georg August Koch", "Georg August Koch"
"Simon Duggan", "Simon Duggan"
"Joffre Soares", "Joffre Soares", "Jofre Soares"
"Gary Kurtz", "Gary Kurtz"
"Ron Eveslage", "Ron Eveslage"
"Douglas Freeman", "Douglas Freeman"
"Paul Le Mat", "Paul Le Mat"
"Wolfman Jack", "Wolfman Jack"
"Bo Hopkins", "Bo Hopkins", "William Mauldin Hopkins"
"Manuel Padilla Jr.", "Manuel Padilla Jr."
"Richard Matheson", "Richard Matheson", "Richard Burton Matheson", "Logan Swanson", "Richard Matheson Sr."
"George Eckstein", "George Eckstein"
"Billy Goldenberg", "Billy Goldenberg"
"Jack A. Marta", "Jack A. Marta", "John A. Marta", "Jack Marta", "John Marta"
"Frank Morriss", "Frank Morriss"
"Dennis Weaver", "Dennis Weaver"
"Eddie Firestone", "Eddie Firestone"
"Gene Dynarski", "Gene Dynarski", " Eugene Dynarski"
"Tim Herbert", "Tim Herbert", "Herman Timberg Jr.", "Herbert Timberg"
"Alexander Lockwood", "Alexander Lockwood"
"Carey Loftin", "Carey Loftin"
"Michael Phillips", "Michael Phillips"
"Daniel A. Lomino", "Daniel A. Lomino", "Daniel Lomino"
"Phil Abramson", "Phil Abramson"
"Bob Balaban", "Bob Balaban"
"J. Patrick McNamara", "J. Patrick McNamara"
"Warren J. Kemmerling", "Warren J. Kemmerling"
"Philip Dodds", "Philip Dodds"
"Justin Dreyfuss", "Justin Dreyfuss"
"Peter Sellers", "Peter Sellers"
"John Harrison", "John Harrison"
"Gary Cockrell", "Gary Cockrell"
"Bill Greene", "Bill Greene"
"Wong Kar-wai", "Wong Kar-wai", "Kar-Wai Wong", "Wong Kar Wai", "王家卫", "왕가위", "Kar Wai Wong"
"Shigeru Umebayashi", "Shigeru Umebayashi", "梅林茂"
"Claude Héroux", "Claude Héroux"
"Pierre David", "Pierre David"
"Victor Solnicki", "Victor Solnicki"
"Peter Dvorsky", "Peter Dvorsky"
"Jack Creley", "Jack Creley"
"Raymond Chandler", "Raymond Chandler"
"Ted Haworth", "Ted Haworth", "Edward Hayworth ", "Edward S. Haworth", " Ted Aworth"
"Farley Granger", "Farley Granger"
"Ruth Roman", "Ruth Roman"
"Robert Walker", "Robert Walker", " Robert Walker Sr. "
"Jonathan Hale", "Jonathan Hale"
"John Brown", "John Brown"
"Robert Gist", "Robert Gist"
"Frank Herbert", "Frank Herbert"
"Antony Gibbs", "Antony Gibbs", "Anthony Gibbs", "Tony Gibbs"
"Anthony Masters", "Anthony Masters", "Tony Masters"
"Leonardo Cimino", "Leonardo Cimino"
"Freddie Jones", "Freddie Jones"
"Richard Jordan", "Richard Jordan"
"Kenneth McMillan", "Kenneth McMillan"
"Rob Bowman", "Rob Bowman", "Rob Stanton Bowman ", "Rob S. Bowman", " Robert Bowman"
"Chris Carter", "Chris Carter"
"Avram Butch Kaplan", "Avram Butch Kaplan", "Avram 'Butch' Kaplan", "Avram "Butch" Kaplan", "Avram Kaplan", "Butch Kaplan"
"Carlos Cuarón", "Carlos Cuarón"
"José Antonio García", "José Antonio García"
"Jack Thompson", "Jack Thompson"
"Nick Searcy", "Nick Searcy"
"Joe Marinelli", "Joe Marinelli"
"Kenneth White", "Kenneth White"
"Brett Rickaby", "Brett Rickaby", "Brett Allen Rickaby"
"Jonathan Fuh", "Jonathan Fuh", "Johnathon Fuh", "John Fuh", "Jonathan Lee Ger Fuh", "Jonathan Lee-Ger Fuh", "Jonathon Fuh"
"Laurel Van Dyke", "Laurel Van Dyke", "Laurel Van Dayke", "Laural Vandyke", "Laurel Vandyke"
"Frank Spotnitz", "Frank Spotnitz"
"Daniel Sackheim", "Daniel Sackheim", "Dan Sackheim"
"Mark Snow", "Mark Snow", "Marc Snow"
"Stephen Mark", "Stephen Mark"
"Christopher Nowak", "Christopher Nowak"
"David Duchovny", "David Duchovny", "David William Duchovny"
"John Neville", "John Neville"
"William B. Davis", "William B. Davis", "Bill Davis", "William Davis"
"Mitch Pileggi", "Mitch Pileggi", "Мітч Пілледжі"
"Terry O'Quinn", "Terry O'Quinn", "Terence Quinn", "Terrance Quinn ", "Terrance K. O'Quinn ", "Terrance O'Quinn", "Terry O’Quinn"
"Armin Mueller-Stahl", "Armin Mueller-Stahl"
"Bob Dolman", "Bob Dolman"
"Tim Hutchinson", "Tim Hutchinson"
"Jim Pohl", "Jim Pohl"
"Billy Barty", "Billy Barty"
"Gavin O'Herlihy", "Gavin O'Herlihy", "Gavan O'Herlihy"
"Phil Fondacaro", "Phil Fondacaro"
"Kwan Pung-Leung", "Kwan Pung-Leung", "Kwan Pun Leung", "關本良"
"Takuya Kimura", "Takuya Kimura", "木村拓哉"
"Siu Ping-Lam", "Siu Ping-Lam"
"Matthew Robbins", "Matthew Robbins"
"Marc Sillam", "Marc Sillam"
"Eric Heumann", "Eric Heumann"
"Tony Lawson", "Tony Lawson"
"Alan Cassie", "Alan Cassie"
"Peter MacNicol", "Peter MacNicol"
"Ralph Richardson", "Ralph Richardson", "Sir Ralph Richardson"
"John Hallam", "John Hallam"
"Peter Eyre", "Peter Eyre"
"Albert Salmi", "Albert Salmi"
"Sydney Bromley", "Sydney Bromley"
"Bob Clark", "Bob Clark"
"Jean Shepherd", "Jean Shepherd"
"Paul Zaza", "Paul Zaza"
"Carl Zittrer", "Carl Zittrer"
"Reginald H. Morris", "Reginald H. Morris"
"Stan Cole", "Stan Cole"
"Mark S. Freeborn", "Mark S. Freeborn", "Mark Freeborn "
"Peter Billingsley", "Peter Billingsley"
"Ian Petrella", "Ian Petrella"
"Yano Anaya", "Yano Anaya"
"Zack Ward", "Zack Ward", "Zach Ward"
"Leslie Carlson", "Leslie Carlson", "Les Carlson"
"Noël Coward", "Noël Coward"
"Anthony Havelock-Allan", "Anthony Havelock-Allan"
"Robert Krasker", "Robert Krasker", "Bob Klasker", "Bob Krasker"
"Jack Harris", "Jack Harris"
"Trevor Howard", "Trevor Howard"
"Cyril Raymond", "Cyril Raymond"
"Ladislao Vajda", "Ladislao Vajda", "László Vajda"
"Friedrich Dürrenmatt", "Friedrich Dürrenmatt", "Фридрих Дюрренматт", "Friedrich Josef Dürrenmatt", "Friedrich Durrenmatt", "F. Dürrenmatt"
"Lazar Wechsler", "Lazar Wechsler", "Lazar Linsor Wechsler", "L. Wechsler"
"Artur Brauner", "Artur Brauner", "CCC FIlmkunst - Berlino", "Art Bern", "Art Bernd", "Arthur Brauner", "Artur 'Atze' Brauner"
"Heinrich Gärtner", "Heinrich Gärtner", "Enrique Guerner"
"Hermann Haller", "Hermann Haller", "Herman Haller", "Haller"
"Heinz Rühmann", "Heinz Rühmann"
"Sigfrit Steiner", "Sigfrit Steiner", "Siegfried Albert Steiner", "Siegfrit Steiner", "Sigfrid Steiner"
"Siegfried Lowitz", "Siegfried Lowitz", "Siegfried Wodolowitz", "Sigfried Lowitz"
"Michel Simon", "Michel Simon", "Мишель Симон"
"John D. Schofield", "John D. Schofield"
"Humphrey Dixon", "Humphrey Dixon"
"Andreas Biegler", "Andreas Biegler", "Andreas Briegler"
"Joseph Fiennes", "Joseph Fiennes"
"Gabriel Thomson", "Gabriel Thomson"
"Alexander Schwan", "Alexander Schwan"
"Denis L. Stewart", "Denis L. Stewart"
"David Crockett", "David Crockett"
"Mark Bowden", "Mark Bowden"
"Ken Nolan", "Ken Nolan"
"Simon West", "Simon West"
"Charlie Hofheimer", "Charlie Hofheimer"
"Hugh Dancy", "Hugh Dancy"
"Brian Van Holt", "Brian Van Holt"
"Matthew Marsden", "Matthew Marsden"
"Nikolaj Coster-Waldau", "Nikolaj Coster-Waldau"
"Johnny Strong", "Johnny Strong"
"Glenn Morshower", "Glenn Morshower"
"Enrique Murciano", "Enrique Murciano"
"Jeremy Piven", "Jeremy Piven"
"Carmine Giovinazzo", "Carmine Giovinazzo"
"Razaaq Adoti", "Razaaq Adoti"
"Treva Etienne", "Treva Etienne"
"Jason Hildebrandt", "Jason Hildebrandt"
"Peter Yates", "Peter Yates"
"Ted Mann", "Ted Mann"
"Ron Silverman", "Ron Silverman"
"Ken Marshall", "Ken Marshall", "Kenneth Marshall"
"Bernard Bresslaw", "Bernard Bresslaw"
"John Welsh", "John Welsh"
"Graham McGrath", "Graham McGrath"
"Tony Church", "Tony Church"
"Bernard Archard", "Bernard Archard"
"Don Hahn", "Don Hahn"
"Roger Cain", "Roger Cain"
"Charles Fleischer", "Charles Fleischer"
"Stubby Kaye", "Stubby Kaye"
"Alan Tilvern", "Alan Tilvern"
"Richard LeParmentier", "Richard LeParmentier"
"Lou Hirsch", "Lou Hirsch"
"Robert Rodat", "Robert Rodat"
"Edward Burns", "Edward Burns", " Ed Burns"
"Barry Pepper", "Barry Pepper"
"Vin Diesel", "Vin Diesel", "Mark Sinclair Vincent", "Mark Vincent", "Він Дізель", "Вин Дизель", "فان ديزل"
"Ted Danson", "Ted Danson"
"Joerg Stadler", "Joerg Stadler"
"John Badham", "John Badham", "Charles John Smith", "John M. Badham"
"Lawrence Lasker", "Lawrence Lasker"
"Leonard Goldberg", "Leonard Goldberg"
"Richard Hashimoto", "Richard Hashimoto"
"Harold Schneider", "Harold Schneider"
"Arthur B. Rubinstein", "Arthur B. Rubinstein"
"William A. Fraker", "William A. Fraker"
"Jerry Wunderlich", "Jerry Wunderlich"
"Barry Francis Delaney", "Barry Francis Delaney"
"Dabney Coleman", "Dabney Coleman"
"Barry Corbin", "Barry Corbin", "Leonard Barrie Corbin"
"Dennis Lipscomb", "Dennis Lipscomb"
"Joe Dorsey", "Joe Dorsey"
"Irving Metzman", "Irving Metzman"
"Steven Lisberger", "Steven Lisberger"
"Jeff Gourson", "Jeff Gourson"
"Peter Jurasik", "Peter Jurasik"
"Gary Goldman", "Gary Goldman"
"Buzz Feitshans", "Buzz Feitshans"
"Robert Fentress", "Robert Fentress"
"Mel Johnson Jr.", "Mel Johnson Jr.", "Mel Johnson"
"Roy Brocksmith", "Roy Brocksmith"
"Ray Baker", "Ray Baker", "Raymond Baker"
"Pete Docter", "Pete Docter", "Peter Docter"
"Joss Whedon", "Joss Whedon", "Joseph Hill Whedon "
"Joel Cohen", "Joel Cohen"
"Ralph Guggenheim", "Ralph Guggenheim"
"Steve Jobs", "Steve Jobs"
"Tim Allen", "Tim Allen", "Timothy Allen Dick", "Timothy Dick"
"Jim Varney", "Jim Varney"
"Wallace Shawn", "Wallace Shawn", "Wally Shawn", "Wallace Michael Shawn"
"Erik von Detten", "Erik von Detten"
"Ash Brannon", "Ash Brannon"
"David Ian Salter", "David Ian Salter"
"David S. Ward", "David S. Ward", "Joaquin Montana", "David Ward", "David Schad Ward"
"Jeff Arch", "Jeff Arch"
"Gary Foster", "Gary Foster"
"Robert M. Reitano", "Robert M. Reitano"
"Jeffrey Townsend", "Jeffrey Townsend"
"Ross Malinger", "Ross Malinger"
"Jim Abrahams", "Jim Abrahams", "James S. "Jim" Abrahams"
"Ira Newborn", "Ira Newborn"
"Michael Jablow", "Michael Jablow"
"George Kennedy", "George Kennedy", "George Harris Kennedy Jr."
"O.J. Simpson", "O.J. Simpson"
"Christopher Hampton", "Christopher Hampton"
"Hank Moonjean", "Hank Moonjean"
"Jon Turteltaub", "Jon Turteltaub"
"Michael Ritchie", "Michael Ritchie"
"Tommy Swerdlow", "Tommy Swerdlow"
"Michael Goldberg", "Michael Goldberg"
"Stephen Marsh", "Stephen Marsh"
"Leon Robinson", "Leon Robinson", "Leon"
"Doug E. Doug", "Doug E. Doug", "Douglas Bourne "
"Rawle D. Lewis", "Rawle D. Lewis"
"Malik Yoba", "Malik Yoba", "Abdul-Malik Yoba "
"Peter Outerbridge", "Peter Outerbridge"
"Paul Coeur", "Paul Coeur"
"Larry Gilman", "Larry Gilman"
"Peter Capaldi", "Peter Capaldi"
"Joe Sheridan", "Joe Sheridan"
"David Zucker", "David Zucker"
"Paul Michael Glaser", "Paul Michael Glaser"
"Andrew Davis", "Andrew Davis"
"Pat Proft", "Pat Proft"
"George Linder", "George Linder"
"Tim Zinnemann", "Tim Zinnemann"
"Vassal Benford", "Vassal Benford"
"Marc Forster", "Marc Forster"
"David Magee", "David Magee"
"Richard N. Gladstein", "Richard N. Gladstein"
"Roberto Schaefer", "Roberto Schaefer"
"Allan Knee", "Allan Knee"
"Marvin J. McIntyre", "Marvin J. McIntyre"
"Matt Chesse", "Matt Chesse"
"Professor Tanaka", "Professor Tanaka"
"Mick Fleetwood", "Mick Fleetwood"
"Joe Prospero", "Joe Prospero"
"Toby Jones", "Toby Jones"
"Phillip Noyce", "Phillip Noyce"
"Hawk Koch", "Hawk Koch"
"Ira Levin", "Ira Levin"
"William Baldwin", "William Baldwin"
"Tom Berenger", "Tom Berenger"
"Keene Curtis", "Keene Curtis"
"Nicholas Pryor", "Nicholas Pryor"
"David Rapaport", "David Rapaport"
"Gavin Hood", "Gavin Hood"
"Peter Fudakowski", "Peter Fudakowski"
"Paul Hepker", "Paul Hepker"
"Mark Kilian", "Mark Kilian"
"Lance Gewer", "Lance Gewer"
"Mark Walker", "Mark Walker"
"Presley Chweneyagae", "Presley Chweneyagae"
"Jerry Mofokeng", "Jerry Mofokeng"
"Kenneth Nkosi", "Kenneth Nkosi"
"Rapulana Seiphemo", "Rapulana Seiphemo"
"Ian Roberts", "Ian Roberts"
"Percy Matsemela", "Percy Matsemela"
"Owen Sejake", "Owen Sejake"
"Israel Makoe", "Israel Makoe", "Israel Sipho Makoe"
"Benny Moshe", "Benny Moshe"
"Jerzy Zielinski", "Jerzy Zielinski", "Jerzy Zieliński"
"Andrés Vicente Gómez", "Andrés Vicente Gómez"
"Zane D. Bruce", "Zane D. Bruce", "Zan Bruce", "Bruce Zane", "Zane Bruce"
"Marc Fishman", "Marc Fishman", "Marc Fischman", "Marc 'Da Chronic' Fishman", "Marc 'Leggs' Fishman", "Marc D. Fishman", "Marc David Fishman", "Mark D. Fishman", "Mark Fishman"
"Steve Bowen", "Steve Bowen"
"Adel Imam", "Adel Imam", "عدلي علام"
"Troy Christian", "Troy Christian"
"Jay Cassidy", "Jay Cassidy", "Jay Casidy", "Jay Lash Cassidy"
"Lester Cohen", "Lester Cohen"
"Jason Kliot", "Jason Kliot"
"Mark Wahlberg", "Mark Wahlberg", "Marky Mark"
"Paul Giamatti", "Paul Giamatti"
"Glenn Shadix", "Glenn Shadix", "Glen Shadix"
"Joel Negron", "Joel Negron"
"Hidetoshi Nishijima", "Hidetoshi Nishijima", "西島秀俊"
"Tatsuya Mihashi", "Tatsuya Mihashi"
"James Daly", "James Daly"
"Lou Wagner", "Lou Wagner"
"Woodrow Parfrey", "Woodrow Parfrey", "Woody Parfrey"
"Jeff Burton", "Jeff Burton"
"Franklin J. Schaffner", "Franklin J. Schaffner", "Franklin Schaffner"
"Michael Wilson", "Michael Wilson"
"Rod Serling", "Rod Serling"
"Arthur P. Jacobs", "Arthur P. Jacobs"
"Leon Shamroy", "Leon Shamroy", "Leonard Shamroy"
"Joe Scully", "Joe Scully"
"Tadanobu Asano", "Tadanobu Asano", "Tadanobu Satô ", "浅野忠信"
"Ittoku Kishibe", "Ittoku Kishibe"
"Akira Emoto", "Akira Emoto"
"Stanley Donen", "Stanley Donen"
"Adolph Green", "Adolph Green"
"Randall Duell", "Randall Duell"
"Warren Newcombe", "Warren Newcombe"
"Irving G. Ries", "Irving G. Ries"
"Gene Kelly", "Gene Kelly"
"Donald O'Connor", "Donald O'Connor"
"Millard Mitchell", "Millard Mitchell"
"Quincy Jones", "Quincy Jones", "Quincy Delight Jones, Jr."
"J. Michael Riva", "J. Michael Riva"
"Willard E. Pugh", "Willard E. Pugh"
"Adolph Caesar", "Adolph Caesar"
"Leonard Jackson", "Leonard Jackson"
"Bennet Guillory", "Bennet Guillory", "Ben Guillory", "Bennett Guillory"
"Robert Bolt", "Robert Bolt", "Robert Oxton Bolt"
"Robert Lennard", "Robert Lennard"
"John Box", "John Box"
"Paul Scofield", "Paul Scofield"
"Nigel Davenport", "Nigel Davenport"
"Corin Redgrave", "Corin Redgrave"
"Colin Blakely", "Colin Blakely"
"Jack Gwillim", "Jack Gwillim"
"Thomas Heathcote", "Thomas Heathcote"
"Lee Garmes", "Lee Garmes"
"Harry D. Mills", "Harry D. Mills", "Harry Mills"
"Clive Brook", "Clive Brook", "Клайв Брук"
"Warner Oland", "Warner Oland", "Уорнер Оланд"
"Gustav von Seyffertitz", "Gustav von Seyffertitz", "G. Butler Clonblough", "G. Butler Clonbough", "G. Butler Clonebaugh", "G. Butler Clonebough", "G. v. Seyffertitz", "G.V. Seyffertitz", "G.v. Seyffertitz", "Gustave Von Seyffertitz", "Gustav Von Seyffertitz", "George von Seyffertitz", "Gustave von Seyffertitz"
"Howard Hughes", "Howard Hughes"
"Edward Curtiss", "Edward Curtiss", "Ed. Curtis", "Edward Curtis", "E. Curtiss", "Edw. Curtiss", "Ed Curtiss"
"Osgood Perkins", "Osgood Perkins"
"C. Henry Gordon", "C. Henry Gordon"
"Vince Barnett", "Vince Barnett", "Vincent Barnett"
"Tully Marshall", "Tully Marshall"
"Edwin Maxwell", "Edwin Maxwell"
"Alec Newman", "Alec Newman"
"John Harrison", "John Harrison", "John S. Harrison Jr.", "John S. Harrison", "John Sutherland"
"David R. Kappes", "David R. Kappes"
"Harry B. Miller III", "Harry B. Miller III"
"Erich Ponto", "Erich Ponto"
"Paul Henckels", "Paul Henckels", "Paul Henkels"
"Hans Leibelt", "Hans Leibelt"
"Charlie Korsmo", "Charlie Korsmo"
"Dante Basco", "Dante Basco", "Danté Basco", "Danté Roman Titus Basco"
"Arthur Malet", "Arthur Malet"
"Lloyd Bochner", "Lloyd Bochner"
"Peter Mark Richman", "Peter Mark Richman"
"Phil Adams", "Phil Adams"
"Raye Birk", "Raye Birk", "Ray Birk"
"Matt Roe", "Matt Roe"
"Peter Segal", "Peter Segal"
"Robert LoCash", "Robert LoCash"
"James R. Symons", "James R. Symons"
"Bruce Crone", "Bruce Crone"
"Stephen Abrums", "Stephen Abrums", "Steve Abrums"
"Joel Kramer", "Joel Kramer"
"Jerold Wells", "Jerold Wells"
"Jon Bunker", "Jon Bunker"
"Tim Curry", "Tim Curry"
"Barry Bostwick", "Barry Bostwick"
"Richard O'Brien", "Richard O'Brien", "Richard Timothy Smith"
"Jonathan Adams", "Jonathan Adams"
"Jim Sharman", "Jim Sharman"
"Graeme Clifford", "Graeme Clifford"
"Hans de Weers", "Hans de Weers"
"Jan Decleir", "Jan Decleir"
"Aaron Sorkin", "Aaron Sorkin"
"William S. Gilmore", "William S. Gilmore"
"Steven Nevius", "Steven Nevius"
"Christopher Guest", "Christopher Guest"
"Matt Craven", "Matt Craven"
"Noah Wyle", "Noah Wyle"
"Hans Beerhenke", "Hans Beerhenke"
"Andreas Mannkopff", "Andreas Mannkopff"
"J.G. Ballard", "J.G. Ballard", "Shanghai Jim", "James Graham Ballard"
"James Spader", "James Spader", "Jimmy Spader"
"Elias Koteas", "Elias Koteas"
"George Bancroft", "George Bancroft"
"Clyde Cook", "Clyde Cook", "Clyde Wilford Cook", "Clyde Cooke"
"Mitchell Lewis", "Mitchell Lewis"
"Norman Jewison", "Norman Jewison"
"Steve McQueen", "Steve McQueen"
"Edward G. Robinson", "Edward G. Robinson"
"Samuel Goldwyn", "Samuel Goldwyn"
"Hugo Friedhofer", "Hugo Friedhofer", "Hugo Wilhelm Friedhofer", "Hugo W. Friedhofer"
"Perry Ferguson", "Perry Ferguson"
"Richard DeWeese", "Richard DeWeese"
"Fredric March", "Fredric March", "Ernest Frederick McIntyre Bickel"
"Dana Andrews", "Dana Andrews"
"Harold Russell", "Harold Russell", "Harold John Russell"
"Brian Levant", "Brian Levant"
"Tom S. Parker", "Tom S. Parker"
"Jim Jennewein", "Jim Jennewein"
"Kent Beyda", "Kent Beyda"
"Richard Moll", "Richard Moll"
"Irwin Keyes", "Irwin Keyes"
"Jonathan Winters", "Jonathan Winters", "Jonathan Harshman Winters III"
"Joseph Barbera", "Joseph Barbera", "Joe Barbera", "Joseph Roland Barbera", "Joseph R. Barbera"
"David Kirschner", "David Kirschner"
"Cinqué Lee", "Cinqué Lee"
"Joseph Rigano", "Joseph Rigano"
"Vinny Vella Jr.", "Vinny Vella Jr."
"Alex Descas", "Alex Descas"
"Taylor Mead", "Taylor Mead"
"William Hanna", "William Hanna", "Bill Hanna", "William Denby Hanna", "Denby Williams"
"Dennis E. Jones", "Dennis E. Jones"
"Mark Addy", "Mark Addy"
"Thomas Gibson", "Thomas Gibson"
"Harvey Korman", "Harvey Korman"
"Nigel John Taylor", "Nigel John Taylor"
"Tony Longo", "Tony Longo"
"Danny Woodburn", "Danny Woodburn", "Daniel Charles Woodburn"
"Jsu Garcia", "Jsu Garcia", "Nick Corri"
"Joseph Whipp", "Joseph Whipp"
"Joe Unger", "Joe Unger"
"Robert Shaye", "Robert Shaye", "Bob Shaye", "L.E. Moko"
"Stanley Dudelson", "Stanley Dudelson"
"Joseph Wolf", "Joseph Wolf"
"Charles Bernstein", "Charles Bernstein"
"Patrick McMahon", "Patrick McMahon"
"Rick Shaine", "Rick Shaine"
"Gregg Fonseca", "Gregg Fonseca"
"Jean-Claude Dreyfus", "Jean-Claude Dreyfus", "J. C. Dreyfus", "Jean Claude Dreyfus", "Jean-Claude Dreyfuss"
"Ticky Holgado", "Ticky Holgado", "Tiky Holgado", "Tiki Holgado", "Rocky James", "Tiki Olgado", "Ticky", "Tiki", "Joseph Tiky", "Tiky"
"Jacques Mathou", "Jacques Mathou"
"Chick Ortega", "Chick Ortega", "Chico Rojo Ortega", "Chick Ortéga"
"Howard Vernon", "Howard Vernon"
"Dominique Zardi", "Dominique Zardi"
"Nikolai Sergeyev", "Nikolai Sergeyev", "Николай Сергеев", "Nikolai Sergeev", "Nikolay Sergeev"
"Nikolay Burlyaev", "Nikolay Burlyaev", "Nikolay Burlyaev", "Николай Бурляев"
"Yuriy Nazarov", "Yuriy Nazarov", "Юрий Назаров", "Yuriy Vladimirovich Nazarov ", "Yuriy Nazarov"
"Mikhail Kononov", "Mikhail Kononov", "Михаил Иванович Кононов"
"Carl Bernstein", "Carl Bernstein"
"Bob Woodward", "Bob Woodward"
"Walter Coblenz", "Walter Coblenz"
"Jon Boorstin", "Jon Boorstin"
"Michael Britton", "Michael Britton"
"Robert L. Wolfe", "Robert L. Wolfe"
"Alan Shayne", "Alan Shayne"
"George Gaines", "George Gaines"
"Ned Beatty", "Ned Beatty", "Ned Thomas Beatty"
"John McMartin", "John McMartin"
"Robert Walden", "Robert Walden"
"Henry Calvert", "Henry Calvert"
"Nicolas Coster", "Nicolas Coster"
"Richard Herd", "Richard Herd"
"Frank Latimore", "Frank Latimore"
"Christian Granderath", "Christian Granderath"
"Yevgeni Sitokhin", "Yevgeni Sitokhin"
"Peter Pauli", "Peter Pauli"
"Ravi Shankar", "Ravi Shankar"
"Eberhard Kirchberg", "Eberhard Kirchberg"
"Soumitra Chatterjee", "Soumitra Chatterjee", "Soumitra Chattopadhyay", "Saumitra Chattopadhyay"
"Smaran Ghosal", "Smaran Ghosal"
"Charuprakash Ghosh", "Charuprakash Ghosh"
"John Frankenheimer", "John Frankenheimer"
"Thomas E. Gaddis", "Thomas E. Gaddis"
"Guy Trosper", "Guy Trosper"
"Stuart Millar", "Stuart Millar"
"Harold Hecht", "Harold Hecht"
"Edward Mann", "Edward Mann"
"Fernando Carrere", "Fernando Carrere"
"Burt Lancaster", "Burt Lancaster", "Burton Stephen Lancaster"
"Whit Bissell", "Whit Bissell", "Whitner Nutting Bissell", "Whit Bissel", "Whitner Bissell", "Whitt Bissell"
"Richard Barthelmess", "Richard Barthelmess"
"Arthur Howard", "Arthur Howard"
"Edward Peil Sr.", "Edward Peil Sr.", "Charles Edward Peil", "Edward J. Peel", "Edward Peel", "Ed Peil Sr. ", "Edward J. Peil", "Edward Peil", "Ed Peil", "Edward Pell", "Edward Piel Sr.", "Ed Piel Sr.", "E.J. Piel", "Eddie Piel", "Edward J. Piel", "Edward Piel", "Ed Piel", "Ed Pier Sr. "
"Dudley Nichols", "Dudley Nichols"
"Cliff Reid", "Cliff Reid"
"Russell Metty", "Russell Metty", "Russell L.Metty", "Russell L. Metty"
"George Hively", "George Hively"
"Michael Gerber", "Michael Gerber"
"Walter Catlett", "Walter Catlett"
"Barry Fitzgerald", "Barry Fitzgerald", "William Joseph Shields"
"Fritz Feld", "Fritz Feld", "Fritz Feilchenfeld"
"George Irving", "George Irving", "George H. Irving", "George Henry Irving"
"John Kelly", "John Kelly"
"Daniel Emilfork", "Daniel Emilfork"
"Charlie Chaplin", "Charlie Chaplin", "Charles Spencer Chaplin", "Charles Chaplin"
"Gordon Pollock", "Gordon Pollock"
"Theodore Reed", "Theodore Reed"
"Harry Myers", "Harry Myers", "Henry Myers "
"Al Ernest Garcia", "Al Ernest Garcia", "Al Garcia", "Allan Garcia"
"Hank Mann", "Hank Mann", "Hanke Mann", "David William Lieberman"
"Stuart Rosenberg", "Stuart Rosenberg", "Alan Smithee"
"Donn Pearce", "Donn Pearce"
"Frank Pierson", "Frank Pierson", "Frank Romer Pierson", "Frank R. Pierson", "Frank R. Robinson"
"Cary Odell", "Cary Odell"
"Fred Price", "Fred Price"
"Howard Shoup", "Howard Shoup"
"Lou Antonio", "Lou Antonio"
"Robert Donner", "Robert Donner"
"Paul Davidson", "Paul Davidson"
"Viktor Gertler", "Viktor Gertler", "Viktor Gáth"
"Willy Fritsch", "Willy Fritsch"
"Oskar Karlweis", "Oskar Karlweis"
"Fritz Kampers", "Fritz Kampers"
"G.W. Pabst", "G.W. Pabst", "Georg W. Pabst", "Georg Wilhelm Pabst", "G.W. Pabst"
"Fritz Kortner", "Fritz Kortner"
"Francis Lederer", "Francis Lederer"
"Michael York", "Michael York", "Maykl York"
"Seth Green", "Seth Green"
"Paul Dillon", "Paul Dillon"
"Kurt Wimmer", "Kurt Wimmer"
"Roger Paradiso", "Roger Paradiso"
"Bruce Moriarty", "Bruce Moriarty", "Bruce G. Moriarty", "Gerald Moriarty", "Bruce Gerald Moriarty"
"Dennis Bradford", "Dennis Bradford"
"Frankie Faison", "Frankie Faison", "Frankie Russel Faison", "Frankie R. Faison"
"Charles Keating", "Charles Keating"
"Michael Lombard", "Michael Lombard"
"Ritchie Coster", "Ritchie Coster"
"Alan Trustman", "Alan Trustman"
"Del Armstrong", "Del Armstrong"
"Paul Burke", "Paul Burke"
"Gordon Pinsent", "Gordon Pinsent"
"Edward F. Cline", "Edward F. Cline"
"W.C. Fields", "W.C. Fields"
"Jack J. Gross", "Jack J. Gross"
"Charles Previn", "Charles Previn"
"Jack Otterson", "Jack Otterson", "John Edward Otterson"
"Franklin Pangborn", "Franklin Pangborn", "Frank Pangborn"
"Shemp Howard", "Shemp Howard", "Samuel Horwitz", "Shemp", "Shemp Howard and His Stooges", "The Three Stooges"
"Grady Sutton", "Grady Sutton"
"Russell Hicks", "Russell Hicks", "Edward Russell Hicks", "R. E. Hicks", "R.E. Hicks"
"Dick Purcell", "Dick Purcell"
"William Faulkner", "William Faulkner"
"Sidney Hickox", "Sidney Hickox"
"Christian Nyby", "Christian Nyby"
"Charles Waldron", "Charles Waldron"
"Charles D. Brown", "Charles D. Brown", "Chas. D. Brown", "C.D. Brown", "Charles Brown"
"Louis Jean Heydt", "Louis Jean Heydt"
"Vincente Minnelli", "Vincente Minnelli"
"Irving Brecher", "Irving Brecher"
"George Stoll", "George Stoll"
"Albert Akst", "Albert Akst"
"Leon Ames", "Leon Ames", " Leon Waycoff"
"Tom Drake", "Tom Drake", "Alfred Alderdice"
"Chill Wills", "Chill Wills"
"Norman Savage", "Norman Savage"
"Eddie Fowlie", "Eddie Fowlie"
"Tom Courtenay", "Tom Courtenay"
"Gérard Tichy", "Gérard Tichy"
"Noel Willman", "Noel Willman"
"Jack MacGowran", "Jack MacGowran"
"Mark Eden", "Mark Eden"
"Carter DeHaven", "Carter DeHaven"
"Roland Totheroh", "Roland Totheroh", "Roland H. Totheroh", "Rollie Totheroh", "Rollie H. Totheroh"
"Willard Nico", "Willard Nico"
"J. Russell Spencer", "J. Russell Spencer"
"Jack Oakie", "Jack Oakie", "Джек Оуки"
"Reginald Gardiner", "Reginald Gardiner"
"Paul Weigel", "Paul Weigel"
"Dan Olexiewicz", "Dan Olexiewicz"
"Bud Davis", "Bud Davis", "Bud G. Davis"
"Jay Caputo", "Jay Caputo"
"Harry Kleiner", "Harry Kleiner"
"Philip D'Antoni", "Philip D'Antoni"
"Robert E. Relyea", "Robert E. Relyea"
"John K. Kean", "John K. Kean"
"Robert Vaughn", "Robert Vaughn"
"Don Gordon", "Don Gordon", "Donald Gordon"
"Simon Oakland", "Simon Oakland"
"Norman Fell", "Norman Fell", "Norman Feld"
"Georg Stanford Brown", "Georg Stanford Brown"
"Justin Tarr", "Justin Tarr"
"Carl Reindel", "Carl Reindel"
"Felice Orlandi", "Felice Orlandi"
"Vic Tayback", "Vic Tayback"
"Sunil Dutt", "Sunil Dutt", "सुनील दत्त"
"Rajendra Kumar", "Rajendra Kumar"
"Raaj Kumar", "Raaj Kumar", "राज कुमार"
"Kanhaiyalal", "Kanhaiyalal"
"Mukri", "Mukri", "मुकरी"
"Sajid Khan", "Sajid Khan"
"Mehboob Khan", "Mehboob Khan"
"Dale Launer", "Dale Launer"
"Tony Adams", "Tony Adams"
"Jonathan D. Krane", "Jonathan D. Krane"
"Harry Stradling Jr.", "Harry Stradling Jr.", "Harry Stradling"
"Robert Pergament", "Robert Pergament"
"Rodger Maus", "Rodger Maus", "Rodger E. Maus"
"John Larroquette", "John Larroquette", "John Edgar Bernard Larroquette Jr.", "John Bernard Larroquette"
"George Coe", "George Coe", "George Julian Cohen"
"Mark Blum", "Mark Blum"
"Phil Hartman", "Phil Hartman"
"Graham Stark", "Graham Stark"
"Viktor Staal", "Viktor Staal"
"Paul Hörbiger", "Paul Hörbiger", "Paul Horbiger"
"Wolfgang Preiss", "Wolfgang Preiss"
"Hans Schwarz Jr.", "Hans Schwarz Jr."
"Victor Janson", "Victor Janson", "Victor Arthur Eduard Janson"
"Leopold von Ledebur", "Leopold von Ledebur"
"Nicolas Roeg", "Nicolas Roeg"
"Frederick Muller", "Frederick Muller"
"Pino Donaggio", "Pino Donaggio"
"Anthony B. Richmond", "Anthony B. Richmond", "Tony Richmond", "Anthony Richmond", "Tony B. Richmond"
"Massimo Serato", "Massimo Serato"
"Renato Scarpa", "Renato Scarpa"
"Leopoldo Trieste", "Leopoldo Trieste"
"David Tree", "David Tree"
"Bruno Cattaneo", "Bruno Cattaneo"
"Wolfgang Staudte", "Wolfgang Staudte"
"Hans Heinrich", "Hans Heinrich"
"Michael McCullers", "Michael McCullers"
"Werner Lierck", "Werner Lierck"
"Otto Krieg Helbig", "Otto Krieg Helbig"
"René Gaston Vuattoux", "René Gaston Vuattoux"
"Philippe Agostini", "Philippe Agostini"
"Robert Manuel", "Robert Manuel", "Robert Emmanuel Bloch", "Robert Manuel Sociétaire de la Comédie Française ", "Robert Manuel de la Comédie Française ", "Roberet Manuel ", "Robert Manuel de la Comédie-Française", "Robert Bloch"
"Robert Hossein", "Robert Hossein"
"Peter George", "Peter George"
"Slim Pickens", "Slim Pickens"
"Maurice Richlin", "Maurice Richlin"
"Dick Crockett", "Dick Crockett", "Richard DeHart Crockett", "Richard D. Crockett", "Richard Crockett", "Richard Crokett"
"Jack Stevens", "Jack Stevens"
"David Niven", "David Niven"
"Colin Gordon", "Colin Gordon"
"John Le Mesurier", "John Le Mesurier"
"James Lanphier", "James Lanphier"
"Guy Thomajan", "Guy Thomajan"
"Arturo González", "Arturo González"
"Massimo Dallamano", "Massimo Dallamano", "Jack Dalmas", "Max Dallamano", "Max Dillman", "Max Dillmann"
"Klaus Kinski", "Klaus Kinski"
"Alan Crosland", "Alan Crosland"
"Alfred A. Cohn", "Alfred A. Cohn"
"Louis Silvers", "Louis Silvers", "Lou Silvers"
"Hal Mohr", "Hal Mohr", "Harold Leon Mohr"
"Otto Lederer", "Otto Lederer"
"Richard Tucker", "Richard Tucker"
"Sidney Gilliat", "Sidney Gilliat"
"Frank Launder", "Frank Launder"
"Edward Black", "Edward Black"
"R.E. Dearing", "R.E. Dearing", "Robert Edward Dearing", "Robert E. Dearing", "Robert Dearing"
"Cecil Parker", "Cecil Parker"
"Naunton Wayne", "Naunton Wayne"
"Basil Radford", "Basil Radford"
"Philip Leaver", "Philip Leaver"
"Mitchell Ryan", "Mitchell Ryan", "Mitch Ryan"
"Damon Hines", "Damon Hines"
"Gilles Kohler", "Gilles Kohler"
"Jack Thibeau", "Jack Thibeau"
"David Sanborn", "David Sanborn"
"Richard Berger", "Richard Berger"
"Joss Ackland", "Joss Ackland"
"Derrick O'Connor", "Derrick O'Connor"
"Steve Kahan", "Steve Kahan"
"Dean Norris", "Dean Norris"
"Juney Smith", "Juney Smith", "Judney Smith "
"Nestor Serrano", "Nestor Serrano"
"Philip Suriano", "Philip Suriano", "Phillip Suriano", "Phil Suriano"
"Grand L. Bush", "Grand L. Bush", "Grand Bush"
"Robert Brown", "Robert Brown"
"Greg Papalia", "Greg Papalia"
"Richard C. Goddard", "Richard C. Goddard"
"Stuart Wilson", "Stuart Wilson"
"David F. Klassen", "David F. Klassen", "David Klassen "
"Richard F. Mays", "Richard F. Mays", "Richard Mays"
"Stefan Zweig", "Stefan Zweig"
"William Dozier", "William Dozier"
"Daniele Amfitheatrof", "Daniele Amfitheatrof"
"Marcel Journet", "Marcel Journet"
"Art Smith", "Art Smith", "Arthur Gordon Smith"
"John Good", "John Good"
"Robert A. Harris", "Robert A. Harris"
"Anthony Quayle", "Anthony Quayle", "Sir Anthony Quayle"
"Donald Wolfit", "Donald Wolfit"
"Zia Mohyeddin", "Zia Mohyeddin", "Zia Moyheddin"
"Greg Hayden", "Greg Hayden"
"Charlie Brewer", "Charlie Brewer", " Charles Brewer ", "Charley Brewer ", "G. Charles Brewer", "Charlie 'White Knuckles' Brewer "
"Jay Cocks", "Jay Cocks"
"Jackson Browne", "Jackson Browne"
"Matt LeBlanc", "Matt LeBlanc"
"Matthew Perry", "Matthew Perry", "Matthew L. Perry", "Matthew Perry Arquette"
"David Schwimmer", "David Schwimmer"
"Devereaux Jennings", "Devereaux Jennings"
"Kareem Abdul-Jabbar", "Kareem Abdul-Jabbar", "Lew Alcindor", "Lewis Alcindor", "Lewis Ferdinand Alcindor", "Kareem Abdul-Jabaar"
"Robert Hays", "Robert Hays"
"Glen Cavender", "Glen Cavender"
"Jim Farley", "Jim Farley"
"Frederick Vroom", "Frederick Vroom"
"Stephen Stucker", "Stephen Stucker"
"Frank Barnes", "Frank Barnes"
"Mike Donlin", "Mike Donlin"
"Frank Ashmore", "Frank Ashmore"
"Joseph F. Biroc", "Joseph F. Biroc", "Joseph Francis Biroc", "Joesph Biroc", "Joe Biroc", "Joseph Biroc"
"Patrick Kennedy", "Patrick Kennedy"
"Mack Swain", "Mack Swain"
"Tom Murray", "Tom Murray"
"Henry Bergman", "Henry Bergman"
"Malcolm Waite", "Malcolm Waite"
"Henry Blanke", "Henry Blanke"
"Thomas Richards", "Thomas Richards"
"Robert M. Haas", "Robert M. Haas", "Robert Haas", "Robert M. Hass", "Robert Hass"
"Jerome Cowan", "Jerome Cowan"
"James Burke", "James Burke"
"Murray Alper", "Murray Alper", "Murray Apler"
"John Hamilton", "John Hamilton"
"Robert Paynter", "Robert Paynter", "Bob Paynter", "Robert William Paynter", "Robert Painter"
"Malcolm Campbell", "Malcolm Campbell"
"David Naughton", "David Naughton"
"John Woodvine", "John Woodvine"
"Joe Belcher", "Joe Belcher"
"Brian Glover", "Brian Glover"
"Rik Mayall", "Rik Mayall"
"Sean Baker", "Sean Baker"
"Paddy Ryan", "Paddy Ryan"
"Rupert Julian", "Rupert Julian"
"Gaston Leroux", "Gaston Leroux"
"Carl Laemmle", "Carl Laemmle"
"Virgil Miller", "Virgil Miller", "Virgil E. Miller"
"Charles Van Enger", "Charles Van Enger", "Charles J. Van Enger", "C. Van Enger"
"Elmer Sheeley", "Elmer Sheeley"
"Lon Chaney", "Lon Chaney"
"Jerome Ash", "Jerome Ash", "Jerome Harold Ash", "Jerry Ash"
"Norman Kerry", "Norman Kerry"
"John St. Polis", "John St. Polis"
"Snitz Edwards", "Snitz Edwards"
"Howard Fast", "Howard Fast"
"Edward Lewis", "Edward Lewis"
"Robert Lawrence", "Robert Lawrence"
"Eric Orbom", "Eric Orbom"
"Bill Thomas", "Bill Thomas", "William Thomas"
"Larry Germain", "Larry Germain", "Larry Germaine "
"Ronald Pierce", "Ronald Pierce"
"Peter Ustinov", "Peter Ustinov", "Sir Peter Ustinov"
"John Ireland", "John Ireland", "John Ireland Jr"
"Herbert Lom", "Herbert Lom"
"John Dall", "John Dall"
"Harold J. Stone", "Harold J. Stone"
"Paul Lambert", "Paul Lambert"
"John Hoyt", "John Hoyt"
"Frederick Worlock", "Frederick Worlock"
"Jack Moss", "Jack Moss"
"Fred Fleck", "Fred Fleck"
"Ray Collins", "Ray Collins"
"Richard Bennett", "Richard Bennett"
"John Sturges", "John Sturges"
"William Roberts", "William Roberts"
"Walter Mirisch", "Walter Mirisch"
"Daniel C. Striepeke", "Daniel C. Striepeke", "Dan Striepeke", "Dan C. Striepeke", "Daniel Striepke"
"Yul Brynner", "Yul Brynner", "Yuli Borisovich Bryner"
"Brad Dexter", "Brad Dexter"
"Rico Alaniz", "Rico Alaniz"
"Vladimir Sokoloff", "Vladimir Sokoloff", "Waldemar Sokoloff", "Wladimir Sokoloff", "Vladimir Sokolov", "Wladimir Sokolow"
"Martin Elfand", "Martin Elfand"
"Victor J. Kemper", "Victor J. Kemper", "Victor Jay Kemper"
"Don Phillips", "Don Phillips"
"Charles Bailey", "Charles Bailey"
"Douglas Higgins", "Douglas Higgins"
"Chris Sarandon", "Chris Sarandon"
"James Broderick", "James Broderick"
"William Bogert", "William Bogert", "Bill Bogart", "William Bogart", "Bill Bogert"
"Sully Boyar", "Sully Boyar"
"Gary Springer", "Gary Springer"
"Carmine Foresta", "Carmine Foresta"
"Georg Krause", "Georg Krause"
"Martin Müller", "Martin Müller"
"Ralph Meeker", "Ralph Meeker"
"Adolphe Menjou", "Adolphe Menjou"
"George Macready", "George Macready"
"Wayne Morris", "Wayne Morris", "Bert DeWayne Morris"
"Alexander Mackendrick", "Alexander Mackendrick"
"Clifford Odets", "Clifford Odets"
"James Wong Howe", "James Wong Howe", "James How", "Wong Tung Jim", "Jimmie Howe", "James Howe"
"Alan Crosland, Jr.", "Alan Crosland, Jr."
"Martin Milner", "Martin Milner"
"Sam Levene", "Sam Levene"
"Emile Meyer", "Emile Meyer"
"Heinrich Harrer", "Heinrich Harrer"
"BD Wong", "BD Wong", "B.D. Wong", "Bradley Darryl Wong", "Bradd D. Wong", "Bradd Wong"
"Duncan Fraser", "Duncan Fraser"
"Danny Denzongpa", "Danny Denzongpa"
"Gaspar Noé", "Gaspar Noé", "Jean Couteau", "Aron Pages"
"Albert Dupontel", "Albert Dupontel"
"John Warnke", "John Warnke"
"Jo Prestia", "Jo Prestia", "Prestia", "Joe Prestia", "Joé Prestia"
"Jean-Louis Costes", "Jean-Louis Costes", "Jean-Louis Costes", "Costes"
"Joseph Vilsmaier", "Joseph Vilsmaier", "Josef Vilsmeier"
"Danny Krausz", "Danny Krausz"
"Hubert von Goisern", "Hubert von Goisern"
"Michael Kranz", "Michael Kranz"
"Heinz Ludwig", "Heinz Ludwig"
"Mac Steinmeier", "Mac Steinmeier"
"Ben Becker", "Ben Becker"
"Detlef Bothe", "Detlef Bothe"
"Mel Brooks", "Mel Brooks", "Melvin James Kaminsky "
"Thomas Meehan", "Thomas Meehan"
"Ronny Graham", "Ronny Graham"
"William A. Wellman", "William A. Wellman", "William Augustus Wellman"
"Lamar Trotti", "Lamar Trotti"
"Cyril J. Mockridge", "Cyril J. Mockridge"
"John Franco Jr.", "John Franco Jr.", "John Franco", "John Franko Jr.", "John Franko"
"Ken Diaz", "Ken Diaz", "Kenneth Diaz"
"Robert Latham Brown", "Robert Latham Brown"
"Frank Conroy", "Frank Conroy"
"William Eythe", "William Eythe"
"Victor Kilian", "Victor Kilian"
"George Wyner", "George Wyner"
"Dick Van Patten", "Dick Van Patten"
"Michael Winslow", "Michael Winslow"
"Philip Barry", "Philip Barry"
"Donald Ogden Stewart", "Donald Ogden Stewart"
"Waldo Salt", "Waldo Salt"
"Joseph Ruttenberg", "Joseph Ruttenberg", "Joe Ruttenberg"
"Frank Sullivan", "Frank Sullivan"
"Roland Young", "Roland Young"
"Rex Evans", "Rex Evans"
"Nick Castle", "Nick Castle"
"Gary Adelson", "Gary Adelson"
"Craig Baumgarten", "Craig Baumgarten"
"Michael Hirshenson", "Michael Hirshenson"
"Richard Tyson", "Richard Tyson"
"Joseph Cousins", "Joseph Cousins"
"Tom Kurlander", "Tom Kurlander"
"Herschel Weingrod", "Herschel Weingrod"
"Timothy Harris", "Timothy Harris"
"Ken Chase", "Ken Chase"
"Richard Condon", "Richard Condon"
"David Amram", "David Amram"
"Moss Mabry", "Moss Mabry"
"Laurence Harvey", "Laurence Harvey"
"Henry Silva", "Henry Silva"
"James Gregory", "James Gregory", "Robert Dixon", "Jim Gregory"
"Khigh Dhiegh", "Khigh Dhiegh"
"Douglas Henderson", "Douglas Henderson"
"Doug Savant", "Doug Savant"
"Malcolm Danare", "Malcolm Danare"
"Lorry Goldman", "Lorry Goldman"
"Christian Aubert", "Christian Aubert"
"Philippe Bergeron", "Philippe Bergeron"
"Rudyard Kipling", "Rudyard Kipling", "Joseph Rudyard Kipling", "Джозеф Редьярд Киплинг"
"Russell Lloyd", "Russell Lloyd"
"Michael Lloyd", "Michael Lloyd", " Michael Jeffrey Lloyd ", " Michael Lloyd II"
"David Siegel", "David Siegel", "David A. Siegel"
"Doghmi Larbi", "Doghmi Larbi"
"David Bloch", "David Bloch"
"Albert Moses", "Albert Moses"
"Paul Antrim", "Paul Antrim"
"Robert Woodruff", "Robert Woodruff"
"Don Siegel", "Don Siegel", "Donald Siegel"
"Harry Julian Fink", "Harry Julian Fink"
"Dean Riesner", "Dean Riesner", "Dinky Dean", "Dink Dean", "Dean Franklin", "Charles Reisner Jr.", "Dean Reisner", "Dinky Reisner", "Dean E. Riesner"
"Carl Pingitore", "Carl Pingitore"
"Dale Hennesy", "Dale Hennesy"
"Robert De Vestel", "Robert De Vestel"
"William Randall", "William Randall", " William John Randall ", " Bill Randall Jr. ", "William J. Randall Jr. ", "William Randall Jr. ", "Wm. Randall Jr.", "Bill Randall Sr. ", "William Randall Sr. ", "Bill Randall ", "William J. Randall"
"Reni Santoni", "Reni Santoni"
"Harry Guardino", "Harry Guardino"
"John Mitchum", "John Mitchum"
"Josef Sommer", "Josef Sommer"
"Allen Joseph", "Allen Joseph"
"T. Max Graham", "T. Max Graham", "Max Graham", "Neil Moran"
"Hal Landon Jr.", "Hal Landon Jr."
"Angelo Francesco Lavagnino", "Angelo Francesco Lavagnino", "A.F. Lavagnino", "A. F. Lavagnino", "Francesco Lavagnino", "Angelo Lavagnino", "Angelo F. Lavagnino", "A. Francesco Lavagnino"
"Walter Chiari", "Walter Chiari"
"Michael Aldridge", "Michael Aldridge"
"Tony Beckley", "Tony Beckley"
"Norman Rodway", "Norman Rodway"
"Keith Baxter", "Keith Baxter"
"Fernando Rey", "Fernando Rey"
"Charles MacArthur", "Charles MacArthur"
"Jennings Lang", "Jennings Lang"
"Vincent Gardenia", "Vincent Gardenia", "Vince Gardenia"
"David Wayne", "David Wayne"
"Harold Gould", "Harold Gould"
"Cliff Osmond", "Cliff Osmond"
"Dick O'Neill", "Dick O'Neill", "Richard Francis O'Neill", "Dick O'Neil"
"James Bridges", "James Bridges"
"Mike Gray", "Mike Gray"
"T.S. Cook", "T.S. Cook"
"Bruce Gilbert", "Bruce Gilbert"
"James Nelson", "James Nelson", "James M. Falkinburg", "Jim Nelson", "Nelson-Corso"
"James Crabe", "James Crabe"
"David Rawlins", "David Rawlins"
"Scott Brady", "Scott Brady"
"James Hampton", "James Hampton"
"Peter Donat", "Peter Donat"
"James Karen", "James Karen", "Jim Karen"
"Michael Alaimo", "Michael Alaimo", "Mike Alaimo", "Michael Laurence", "Michael Lawrence", "Mike Lawrence"
"Donald Hotton", "Donald Hotton"
"Frank Borzage", "Frank Borzage"
"George Froeschel", "George Froeschel"
"Bronislau Kaper", "Bronislau Kaper"
"Leonard Smith", "Leonard Smith", "Arthur Miller", "Len Smith", "Leonard M. Smith"
"Robert Young", "Robert Young", "Robert George Young", "Роберт Янг"
"William T. Orr", "William T. Orr"
"Gene Reynolds", "Gene Reynolds"
"Robert Rossen", "Robert Rossen"
"Walter Tevis", "Walter Tevis"
"Harry Horner", "Harry Horner"
"Gene Callahan", "Gene Callahan"
"Jackie Gleason", "Jackie Gleason", "Jackie C. Gleason", "Herbert Walton Gleason Jr."
"Myron McCormick", "Myron McCormick", "Walter Myron McCormick"
"Michael Constantine", "Michael Constantine", "Mike Constantine", "Constantine Joanides"
"Craig Bierko", "Craig Bierko", "Craig Philip Bierko "
"Paddy Considine", "Paddy Considine", "PT Kommandor"
"Bruce McGill", "Bruce McGill", "Брюс Макгилл"
"Connor Price", "Connor Price"
"Patrick Louis", "Patrick Louis"
"Barry Spikings", "Barry Spikings"
"Stomu Yamashta", "Stomu Yamashta", "Stomu Yamash'Ta", "Stomu Yamash'ta", "Tsutomu Yamashita"
"Brian Eatwell", "Brian Eatwell"
"Gene Pyrz", "Gene Pyrz"
"Chuck Shamata", "Chuck Shamata"
"Cliff Hollingsworth", "Cliff Hollingsworth"
"Peter Grundy", "Peter Grundy"
"Gordon Sim", "Gordon Sim"
"Erwin Connelly", "Erwin Connelly"
"Ward Crane", "Ward Crane"
"Edgar J. Scherick", "Edgar J. Scherick", "Edgar J. Scheric", "Edgar Scherick", "Edgar Sherick"
"John Addison", "John Addison"
"Richard Marden", "Richard Marden"
"Daniel Melnick", "Daniel Melnick"
"John Coquillon", "John Coquillon", "Johnny Coquillon", "A.L. Coquillon", "John Coquillion"
"T. P. McKenna", "T. P. McKenna"
"Del Henney", "Del Henney"
"Jim Norton", "Jim Norton", "Jim Morton", "James Norton"
"Robert Keegan", "Robert Keegan"
"Peter Arne", "Peter Arne"
"Gerard Carbonara", "Gerard Carbonara"
"Bert Glennon", "Bert Glennon"
"Otho Lovering", "Otho Lovering"
"Alexander Toluboff", "Alexander Toluboff"
"Frank Maher", "Frank Maher", "Frank Andrew Maher"
"Andy Devine", "Andy Devine", "Andrew Vabre Devine"
"Donald Meek", "Donald Meek"
"Berton Churchill", "Berton Churchill", "Burton Churchill"
"Tom Tyler", "Tom Tyler", "Vincent Markowski"
"James M. Cain", "James M. Cain"
"Richard Gaines", "Richard Gaines"
"Tom Powers", "Tom Powers"
"Fortunio Bonanova", "Fortunio Bonanova"
"Peter Bonerz", "Peter Bonerz"
"Jay Leno", "Jay Leno"
"Paul Lazarus III", "Paul Lazarus III"
"Alan Myerson", "Alan Myerson"
"George A. Romero", "George A. Romero", "Godfather of the Dead"
